phase,dataset,seed,rounds,num_clients,clients_per_round,attack,defense,non_iid,alpha,malicious_ratio,ablation,batch_size,max_train_samples,max_test_samples,run_id,output_dir,expected_csv,distribution,completed_rounds,complete,csv_exists,config_exists,ledger_exists,final_accuracy,best_accuracy,final_f1,mean_f1,final_fpr,mean_fpr,mean_runtime_sec,final_ledger_bytes
main,fashion_mnist,42,30,20,10,label_flip,fedavg,False,0.5,0.2,full,64,10000,2000,fashion_mnist_fedavg_label_flip_iid_a0.5_mr0.2_full_seed42,results\reduced_matrix\main\fashion_mnist\iid\label_flip,results\reduced_matrix\main\fashion_mnist\iid\label_flip\fashion_mnist_fedavg_label_flip_iid_a0.5_mr0.2_full_seed42.csv,iid,30,True,True,True,True,0.7365,0.7365,0.0,0.0,0.0,0.0,1.5684922536214192,49722
main,fashion_mnist,42,30,20,10,label_flip,trimmed_mean,False,0.5,0.2,full,64,10000,2000,fashion_mnist_trimmed_mean_label_flip_iid_a0.5_mr0.2_full_seed42,results\reduced_matrix\main\fashion_mnist\iid\label_flip,results\reduced_matrix\main\fashion_mnist\iid\label_flip\fashion_mnist_trimmed_mean_label_flip_iid_a0.5_mr0.2_full_seed42.csv,iid,30,True,True,True,True,0.734,0.737,0.0,0.0,0.0,0.0,1.4586762507756552,49720
main,fashion_mnist,42,30,20,10,label_flip,cosine,False,0.5,0.2,full,64,10000,2000,fashion_mnist_cosine_label_flip_iid_a0.5_mr0.2_full_seed42,results\reduced_matrix\main\fashion_mnist\iid\label_flip,results\reduced_matrix\main\fashion_mnist\iid\label_flip\fashion_mnist_cosine_label_flip_iid_a0.5_mr0.2_full_seed42.csv,iid,30,True,True,True,True,0.7185,0.7345,0.0,0.0,0.0,0.0,1.544110107421875,49724
main,fashion_mnist,42,30,20,10,label_flip,trustfl_chain,False,0.5,0.2,full,64,10000,2000,fashion_mnist_trustfl_chain_label_flip_iid_a0.5_mr0.2_full_seed42,results\reduced_matrix\main\fashion_mnist\iid\label_flip,results\reduced_matrix\main\fashion_mnist\iid\label_flip\fashion_mnist_trustfl_chain_label_flip_iid_a0.5_mr0.2_full_seed42.csv,iid,30,True,True,True,True,0.7355,0.742,0.6666666666666666,0.7197619047619049,0.25,0.18427248677248675,1.679908315340678,55140
main,fashion_mnist,42,30,20,10,sign_flip,fedavg,False,0.5,0.2,full,64,10000,2000,fashion_mnist_fedavg_sign_flip_iid_a0.5_mr0.2_full_seed42,results\reduced_matrix\main\fashion_mnist\iid\sign_flip,results\reduced_matrix\main\fashion_mnist\iid\sign_flip\fashion_mnist_fedavg_sign_flip_iid_a0.5_mr0.2_full_seed42.csv,iid,30,True,True,True,True,0.6915,0.718,0.0,0.0,0.0,0.0,1.0661513408025105,49725
main,fashion_mnist,42,30,20,10,sign_flip,trimmed_mean,False,0.5,0.2,full,64,10000,2000,fashion_mnist_trimmed_mean_sign_flip_iid_a0.5_mr0.2_full_seed42,results\reduced_matrix\main\fashion_mnist\iid\sign_flip,results\reduced_matrix\main\fashion_mnist\iid\sign_flip\fashion_mnist_trimmed_mean_sign_flip_iid_a0.5_mr0.2_full_seed42.csv,iid,30,True,True,True,True,0.71,0.7275,0.0,0.0,0.0,0.0,1.2499536593755087,49723
main,fashion_mnist,42,30,20,10,sign_flip,cosine,False,0.5,0.2,full,64,10000,2000,fashion_mnist_cosine_sign_flip_iid_a0.5_mr0.2_full_seed42,results\reduced_matrix\main\fashion_mnist\iid\sign_flip,results\reduced_matrix\main\fashion_mnist\iid\sign_flip\fashion_mnist_cosine_sign_flip_iid_a0.5_mr0.2_full_seed42.csv,iid,30,True,True,True,True,0.733,0.7435,0.0,0.0,0.0,0.0,1.5546188433965047,49722
main,fashion_mnist,42,30,20,10,sign_flip,trustfl_chain,False,0.5,0.2,full,64,10000,2000,fashion_mnist_trustfl_chain_sign_flip_iid_a0.5_mr0.2_full_seed42,results\reduced_matrix\main\fashion_mnist\iid\sign_flip,results\reduced_matrix\main\fashion_mnist\iid\sign_flip\fashion_mnist_trustfl_chain_sign_flip_iid_a0.5_mr0.2_full_seed42.csv,iid,30,True,True,True,True,0.7295,0.7355,0.6666666666666666,0.6514814814814816,0.25,0.1962037037037037,1.622806731859843,55604
main,fashion_mnist,42,30,20,10,gaussian_noise,fedavg,False,0.5,0.2,full,64,10000,2000,fashion_mnist_fedavg_gaussian_noise_iid_a0.5_mr0.2_full_seed42,results\reduced_matrix\main\fashion_mnist\iid\gaussian_noise,results\reduced_matrix\main\fashion_mnist\iid\gaussian_noise\fashion_mnist_fedavg_gaussian_noise_iid_a0.5_mr0.2_full_seed42.csv,iid,30,True,True,True,True,0.363,0.588,0.0,0.0,0.0,0.0,0.9617124716440837,49720
main,fashion_mnist,42,30,20,10,gaussian_noise,trimmed_mean,False,0.5,0.2,full,64,10000,2000,fashion_mnist_trimmed_mean_gaussian_noise_iid_a0.5_mr0.2_full_seed42,results\reduced_matrix\main\fashion_mnist\iid\gaussian_noise,results\reduced_matrix\main\fashion_mnist\iid\gaussian_noise\fashion_mnist_trimmed_mean_gaussian_noise_iid_a0.5_mr0.2_full_seed42.csv,iid,30,True,True,True,True,0.7765,0.7765,0.0,0.0,0.0,0.0,1.1965872844060261,49724
main,fashion_mnist,42,30,20,10,gaussian_noise,cosine,False,0.5,0.2,full,64,10000,2000,fashion_mnist_cosine_gaussian_noise_iid_a0.5_mr0.2_full_seed42,results\reduced_matrix\main\fashion_mnist\iid\gaussian_noise,results\reduced_matrix\main\fashion_mnist\iid\gaussian_noise\fashion_mnist_cosine_gaussian_noise_iid_a0.5_mr0.2_full_seed42.csv,iid,30,True,True,True,True,0.1505,0.3945,0.0,0.0,0.0,0.0,1.4607576767603556,49721
main,fashion_mnist,42,30,20,10,gaussian_noise,trustfl_chain,False,0.5,0.2,full,64,10000,2000,fashion_mnist_trustfl_chain_gaussian_noise_iid_a0.5_mr0.2_full_seed42,results\reduced_matrix\main\fashion_mnist\iid\gaussian_noise,results\reduced_matrix\main\fashion_mnist\iid\gaussian_noise\fashion_mnist_trustfl_chain_gaussian_noise_iid_a0.5_mr0.2_full_seed42.csv,iid,30,True,True,True,True,0.819,0.819,0.8,0.8189682539682541,0.125,0.11267195767195766,1.6370947202046713,55193
main,fashion_mnist,42,30,20,10,model_scaling,fedavg,False,0.5,0.2,full,64,10000,2000,fashion_mnist_fedavg_model_scaling_iid_a0.5_mr0.2_full_seed42,results\reduced_matrix\main\fashion_mnist\iid\model_scaling,results\reduced_matrix\main\fashion_mnist\iid\model_scaling\fashion_mnist_fedavg_model_scaling_iid_a0.5_mr0.2_full_seed42.csv,iid,30,True,True,True,True,0.714,0.744,0.0,0.0,0.0,0.0,1.4675326744715373,49728
main,fashion_mnist,42,30,20,10,model_scaling,trimmed_mean,False,0.5,0.2,full,64,10000,2000,fashion_mnist_trimmed_mean_model_scaling_iid_a0.5_mr0.2_full_seed42,results\reduced_matrix\main\fashion_mnist\iid\model_scaling,results\reduced_matrix\main\fashion_mnist\iid\model_scaling\fashion_mnist_trimmed_mean_model_scaling_iid_a0.5_mr0.2_full_seed42.csv,iid,30,True,True,True,True,0.765,0.765,0.0,0.0,0.0,0.0,1.5147119839986165,49722
main,fashion_mnist,42,30,20,10,model_scaling,cosine,False,0.5,0.2,full,64,10000,2000,fashion_mnist_cosine_model_scaling_iid_a0.5_mr0.2_full_seed42,results\reduced_matrix\main\fashion_mnist\iid\model_scaling,results\reduced_matrix\main\fashion_mnist\iid\model_scaling\fashion_mnist_cosine_model_scaling_iid_a0.5_mr0.2_full_seed42.csv,iid,30,True,True,True,True,0.659,0.7285,0.0,0.0,0.0,0.0,1.4651554028193157,49721
main,fashion_mnist,42,30,20,10,model_scaling,trustfl_chain,False,0.5,0.2,full,64,10000,2000,fashion_mnist_trustfl_chain_model_scaling_iid_a0.5_mr0.2_full_seed42,results\reduced_matrix\main\fashion_mnist\iid\model_scaling,results\reduced_matrix\main\fashion_mnist\iid\model_scaling\fashion_mnist_trustfl_chain_model_scaling_iid_a0.5_mr0.2_full_seed42.csv,iid,30,True,True,True,True,0.7595,0.7595,1.0,0.7795238095238095,0.0,0.10708994708994708,1.6137897809346518,55121
main,fashion_mnist,42,30,20,10,label_flip,fedavg,True,0.5,0.2,full,64,10000,2000,fashion_mnist_fedavg_label_flip_noniid_a0.5_mr0.2_full_seed42,results\reduced_matrix\main\fashion_mnist\alpha0.5\label_flip,results\reduced_matrix\main\fashion_mnist\alpha0.5\label_flip\fashion_mnist_fedavg_label_flip_noniid_a0.5_mr0.2_full_seed42.csv,alpha_0.5,30,True,True,True,True,0.6745,0.6745,0.0,0.0,0.0,0.0,1.519580324490865,49718
main,fashion_mnist,42,30,20,10,label_flip,trimmed_mean,True,0.5,0.2,full,64,10000,2000,fashion_mnist_trimmed_mean_label_flip_noniid_a0.5_mr0.2_full_seed42,results\reduced_matrix\main\fashion_mnist\alpha0.5\label_flip,results\reduced_matrix\main\fashion_mnist\alpha0.5\label_flip\fashion_mnist_trimmed_mean_label_flip_noniid_a0.5_mr0.2_full_seed42.csv,alpha_0.5,30,True,True,True,True,0.6595,0.6675,0.0,0.0,0.0,0.0,1.5426446914672851,49722
main,fashion_mnist,42,30,20,10,label_flip,cosine,True,0.5,0.2,full,64,10000,2000,fashion_mnist_cosine_label_flip_noniid_a0.5_mr0.2_full_seed42,results\reduced_matrix\main\fashion_mnist\alpha0.5\label_flip,results\reduced_matrix\main\fashion_mnist\alpha0.5\label_flip\fashion_mnist_cosine_label_flip_noniid_a0.5_mr0.2_full_seed42.csv,alpha_0.5,30,True,True,True,True,0.625,0.661,0.0,0.0,0.0,0.0,1.5531771500905356,49722
main,fashion_mnist,42,30,20,10,label_flip,trustfl_chain,True,0.5,0.2,full,64,10000,2000,fashion_mnist_trustfl_chain_label_flip_noniid_a0.5_mr0.2_full_seed42,results\reduced_matrix\main\fashion_mnist\alpha0.5\label_flip,results\reduced_matrix\main\fashion_mnist\alpha0.5\label_flip\fashion_mnist_trustfl_chain_label_flip_noniid_a0.5_mr0.2_full_seed42.csv,alpha_0.5,30,True,True,True,True,0.726,0.726,1.0,0.7110317460317461,0.0,0.14652116402116397,1.6873748699824016,55295
main,fashion_mnist,42,30,20,10,sign_flip,fedavg,True,0.5,0.2,full,64,10000,2000,fashion_mnist_fedavg_sign_flip_noniid_a0.5_mr0.2_full_seed42,results\reduced_matrix\main\fashion_mnist\alpha0.5\sign_flip,results\reduced_matrix\main\fashion_mnist\alpha0.5\sign_flip\fashion_mnist_fedavg_sign_flip_noniid_a0.5_mr0.2_full_seed42.csv,alpha_0.5,30,True,True,True,True,0.6425,0.6425,0.0,0.0,0.0,0.0,1.537615450223287,49721
main,fashion_mnist,42,30,20,10,sign_flip,trimmed_mean,True,0.5,0.2,full,64,10000,2000,fashion_mnist_trimmed_mean_sign_flip_noniid_a0.5_mr0.2_full_seed42,results\reduced_matrix\main\fashion_mnist\alpha0.5\sign_flip,results\reduced_matrix\main\fashion_mnist\alpha0.5\sign_flip\fashion_mnist_trimmed_mean_sign_flip_noniid_a0.5_mr0.2_full_seed42.csv,alpha_0.5,30,True,True,True,True,0.6385,0.642,0.0,0.0,0.0,0.0,1.5626677433649698,49724
main,fashion_mnist,42,30,20,10,sign_flip,cosine,True,0.5,0.2,full,64,10000,2000,fashion_mnist_cosine_sign_flip_noniid_a0.5_mr0.2_full_seed42,results\reduced_matrix\main\fashion_mnist\alpha0.5\sign_flip,results\reduced_matrix\main\fashion_mnist\alpha0.5\sign_flip\fashion_mnist_cosine_sign_flip_noniid_a0.5_mr0.2_full_seed42.csv,alpha_0.5,30,True,True,True,True,0.7015,0.7015,0.0,0.0,0.0,0.0,1.5605035066604613,49722
main,fashion_mnist,42,30,20,10,sign_flip,trustfl_chain,True,0.5,0.2,full,64,10000,2000,fashion_mnist_trustfl_chain_sign_flip_noniid_a0.5_mr0.2_full_seed42,results\reduced_matrix\main\fashion_mnist\alpha0.5\sign_flip,results\reduced_matrix\main\fashion_mnist\alpha0.5\sign_flip\fashion_mnist_trustfl_chain_sign_flip_noniid_a0.5_mr0.2_full_seed42.csv,alpha_0.5,30,True,True,True,True,0.6975,0.6975,0.0,0.4857936507936508,0.25,0.24980158730158733,1.652815286318461,55866
main,fashion_mnist,42,30,20,10,gaussian_noise,fedavg,True,0.5,0.2,full,64,10000,2000,fashion_mnist_fedavg_gaussian_noise_noniid_a0.5_mr0.2_full_seed42,results\reduced_matrix\main\fashion_mnist\alpha0.5\gaussian_noise,results\reduced_matrix\main\fashion_mnist\alpha0.5\gaussian_noise\fashion_mnist_fedavg_gaussian_noise_noniid_a0.5_mr0.2_full_seed42.csv,alpha_0.5,30,True,True,True,True,0.314,0.4595,0.0,0.0,0.0,0.0,1.4956926266352335,49718
main,fashion_mnist,42,30,20,10,gaussian_noise,trimmed_mean,True,0.5,0.2,full,64,10000,2000,fashion_mnist_trimmed_mean_gaussian_noise_noniid_a0.5_mr0.2_full_seed42,results\reduced_matrix\main\fashion_mnist\alpha0.5\gaussian_noise,results\reduced_matrix\main\fashion_mnist\alpha0.5\gaussian_noise\fashion_mnist_trimmed_mean_gaussian_noise_noniid_a0.5_mr0.2_full_seed42.csv,alpha_0.5,30,True,True,True,True,0.7175,0.7215,0.0,0.0,0.0,0.0,1.558928648630778,49724
main,fashion_mnist,42,30,20,10,gaussian_noise,cosine,True,0.5,0.2,full,64,10000,2000,fashion_mnist_cosine_gaussian_noise_noniid_a0.5_mr0.2_full_seed42,results\reduced_matrix\main\fashion_mnist\alpha0.5\gaussian_noise,results\reduced_matrix\main\fashion_mnist\alpha0.5\gaussian_noise\fashion_mnist_cosine_gaussian_noise_noniid_a0.5_mr0.2_full_seed42.csv,alpha_0.5,30,True,True,True,True,0.0925,0.237,0.0,0.0,0.0,0.0,1.510263705253601,49721
main,fashion_mnist,42,30,20,10,gaussian_noise,trustfl_chain,True,0.5,0.2,full,64,10000,2000,fashion_mnist_trustfl_chain_gaussian_noise_noniid_a0.5_mr0.2_full_seed42,results\reduced_matrix\main\fashion_mnist\alpha0.5\gaussian_noise,results\reduced_matrix\main\fashion_mnist\alpha0.5\gaussian_noise\fashion_mnist_trustfl_chain_gaussian_noise_noniid_a0.5_mr0.2_full_seed42.csv,alpha_0.5,30,True,True,True,True,0.7595,0.776,1.0,0.8020634920634921,0.0,0.10513227513227512,1.655380400021871,54748
main,fashion_mnist,42,30,20,10,model_scaling,fedavg,True,0.5,0.2,full,64,10000,2000,fashion_mnist_fedavg_model_scaling_noniid_a0.5_mr0.2_full_seed42,results\reduced_matrix\main\fashion_mnist\alpha0.5\model_scaling,results\reduced_matrix\main\fashion_mnist\alpha0.5\model_scaling\fashion_mnist_fedavg_model_scaling_noniid_a0.5_mr0.2_full_seed42.csv,alpha_0.5,30,True,True,True,True,0.44,0.708,0.0,0.0,0.0,0.0,1.5160633643468222,49722
main,fashion_mnist,42,30,20,10,model_scaling,trimmed_mean,True,0.5,0.2,full,64,10000,2000,fashion_mnist_trimmed_mean_model_scaling_noniid_a0.5_mr0.2_full_seed42,results\reduced_matrix\main\fashion_mnist\alpha0.5\model_scaling,results\reduced_matrix\main\fashion_mnist\alpha0.5\model_scaling\fashion_mnist_trimmed_mean_model_scaling_noniid_a0.5_mr0.2_full_seed42.csv,alpha_0.5,30,True,True,True,True,0.6755,0.7065,0.0,0.0,0.0,0.0,1.5476852416992188,49721
main,fashion_mnist,42,30,20,10,model_scaling,cosine,True,0.5,0.2,full,64,10000,2000,fashion_mnist_cosine_model_scaling_noniid_a0.5_mr0.2_full_seed42,results\reduced_matrix\main\fashion_mnist\alpha0.5\model_scaling,results\reduced_matrix\main\fashion_mnist\alpha0.5\model_scaling\fashion_mnist_cosine_model_scaling_noniid_a0.5_mr0.2_full_seed42.csv,alpha_0.5,30,True,True,True,True,0.281,0.671,0.0,0.0,0.0,0.0,1.552825967470805,49720
main,fashion_mnist,42,30,20,10,model_scaling,trustfl_chain,True,0.5,0.2,full,64,10000,2000,fashion_mnist_trustfl_chain_model_scaling_noniid_a0.5_mr0.2_full_seed42,results\reduced_matrix\main\fashion_mnist\alpha0.5\model_scaling,results\reduced_matrix\main\fashion_mnist\alpha0.5\model_scaling\fashion_mnist_trustfl_chain_model_scaling_noniid_a0.5_mr0.2_full_seed42.csv,alpha_0.5,30,True,True,True,True,0.7235,0.731,0.8,0.8104761904761906,0.125,0.09056878306878306,1.6894768238067628,54858
main,fashion_mnist,42,30,20,10,label_flip,fedavg,True,0.1,0.2,full,64,10000,2000,fashion_mnist_fedavg_label_flip_noniid_a0.1_mr0.2_full_seed42,results\reduced_matrix\main\fashion_mnist\alpha0.1\label_flip,results\reduced_matrix\main\fashion_mnist\alpha0.1\label_flip\fashion_mnist_fedavg_label_flip_noniid_a0.1_mr0.2_full_seed42.csv,alpha_0.1,30,True,True,True,True,0.48,0.5565,0.0,0.0,0.0,0.0,1.5027501583099365,49724
main,fashion_mnist,42,30,20,10,label_flip,trimmed_mean,True,0.1,0.2,full,64,10000,2000,fashion_mnist_trimmed_mean_label_flip_noniid_a0.1_mr0.2_full_seed42,results\reduced_matrix\main\fashion_mnist\alpha0.1\label_flip,results\reduced_matrix\main\fashion_mnist\alpha0.1\label_flip\fashion_mnist_trimmed_mean_label_flip_noniid_a0.1_mr0.2_full_seed42.csv,alpha_0.1,30,True,True,True,True,0.507,0.507,0.0,0.0,0.0,0.0,1.5129979451497395,49722
main,fashion_mnist,42,30,20,10,label_flip,cosine,True,0.1,0.2,full,64,10000,2000,fashion_mnist_cosine_label_flip_noniid_a0.1_mr0.2_full_seed42,results\reduced_matrix\main\fashion_mnist\alpha0.1\label_flip,results\reduced_matrix\main\fashion_mnist\alpha0.1\label_flip\fashion_mnist_cosine_label_flip_noniid_a0.1_mr0.2_full_seed42.csv,alpha_0.1,30,True,True,True,True,0.5095,0.5485,0.0,0.0,0.0,0.0,1.511049469312032,49714
main,fashion_mnist,42,30,20,10,label_flip,trustfl_chain,True,0.1,0.2,full,64,10000,2000,fashion_mnist_trustfl_chain_label_flip_noniid_a0.1_mr0.2_full_seed42,results\reduced_matrix\main\fashion_mnist\alpha0.1\label_flip,results\reduced_matrix\main\fashion_mnist\alpha0.1\label_flip\fashion_mnist_trustfl_chain_label_flip_noniid_a0.1_mr0.2_full_seed42.csv,alpha_0.1,30,True,True,True,True,0.554,0.5665,0.5,0.4235714285714287,0.125,0.26641534391534394,1.6304045120875041,56117
main,fashion_mnist,42,30,20,10,sign_flip,fedavg,True,0.1,0.2,full,64,10000,2000,fashion_mnist_fedavg_sign_flip_noniid_a0.1_mr0.2_full_seed42,results\reduced_matrix\main\fashion_mnist\alpha0.1\sign_flip,results\reduced_matrix\main\fashion_mnist\alpha0.1\sign_flip\fashion_mnist_fedavg_sign_flip_noniid_a0.1_mr0.2_full_seed42.csv,alpha_0.1,30,True,True,True,True,0.552,0.5595,0.0,0.0,0.0,0.0,1.5056397517522175,49723
main,fashion_mnist,42,30,20,10,sign_flip,trimmed_mean,True,0.1,0.2,full,64,10000,2000,fashion_mnist_trimmed_mean_sign_flip_noniid_a0.1_mr0.2_full_seed42,results\reduced_matrix\main\fashion_mnist\alpha0.1\sign_flip,results\reduced_matrix\main\fashion_mnist\alpha0.1\sign_flip\fashion_mnist_trimmed_mean_sign_flip_noniid_a0.1_mr0.2_full_seed42.csv,alpha_0.1,30,True,True,True,True,0.4135,0.44,0.0,0.0,0.0,0.0,1.51874574025472,49723
main,fashion_mnist,42,30,20,10,sign_flip,cosine,True,0.1,0.2,full,64,10000,2000,fashion_mnist_cosine_sign_flip_noniid_a0.1_mr0.2_full_seed42,results\reduced_matrix\main\fashion_mnist\alpha0.1\sign_flip,results\reduced_matrix\main\fashion_mnist\alpha0.1\sign_flip\fashion_mnist_cosine_sign_flip_noniid_a0.1_mr0.2_full_seed42.csv,alpha_0.1,30,True,True,True,True,0.485,0.5,0.0,0.0,0.0,0.0,1.4939956029256185,49727
main,fashion_mnist,42,30,20,10,sign_flip,trustfl_chain,True,0.1,0.2,full,64,10000,2000,fashion_mnist_trustfl_chain_sign_flip_noniid_a0.1_mr0.2_full_seed42,results\reduced_matrix\main\fashion_mnist\alpha0.1\sign_flip,results\reduced_matrix\main\fashion_mnist\alpha0.1\sign_flip\fashion_mnist_trustfl_chain_sign_flip_noniid_a0.1_mr0.2_full_seed42.csv,alpha_0.1,30,True,True,True,True,0.546,0.546,0.2857142857142857,0.4863492063492064,0.5,0.28256613756613747,1.6392191886901855,56065
main,fashion_mnist,42,30,20,10,gaussian_noise,fedavg,True,0.1,0.2,full,64,10000,2000,fashion_mnist_fedavg_gaussian_noise_noniid_a0.1_mr0.2_full_seed42,results\reduced_matrix\main\fashion_mnist\alpha0.1\gaussian_noise,results\reduced_matrix\main\fashion_mnist\alpha0.1\gaussian_noise\fashion_mnist_fedavg_gaussian_noise_noniid_a0.1_mr0.2_full_seed42.csv,alpha_0.1,30,True,True,True,True,0.373,0.373,0.0,0.0,0.0,0.0,1.4971989552179972,49723
main,fashion_mnist,42,30,20,10,gaussian_noise,trimmed_mean,True,0.1,0.2,full,64,10000,2000,fashion_mnist_trimmed_mean_gaussian_noise_noniid_a0.1_mr0.2_full_seed42,results\reduced_matrix\main\fashion_mnist\alpha0.1\gaussian_noise,results\reduced_matrix\main\fashion_mnist\alpha0.1\gaussian_noise\fashion_mnist_trimmed_mean_gaussian_noise_noniid_a0.1_mr0.2_full_seed42.csv,alpha_0.1,30,True,True,True,True,0.6095,0.6685,0.0,0.0,0.0,0.0,1.5431610743204753,49727
main,fashion_mnist,42,30,20,10,gaussian_noise,cosine,True,0.1,0.2,full,64,10000,2000,fashion_mnist_cosine_gaussian_noise_noniid_a0.1_mr0.2_full_seed42,results\reduced_matrix\main\fashion_mnist\alpha0.1\gaussian_noise,results\reduced_matrix\main\fashion_mnist\alpha0.1\gaussian_noise\fashion_mnist_cosine_gaussian_noise_noniid_a0.1_mr0.2_full_seed42.csv,alpha_0.1,30,True,True,True,True,0.127,0.232,0.0,0.0,0.0,0.0,1.524186865488688,49723
main,fashion_mnist,42,30,20,10,gaussian_noise,trustfl_chain,True,0.1,0.2,full,64,10000,2000,fashion_mnist_trustfl_chain_gaussian_noise_noniid_a0.1_mr0.2_full_seed42,results\reduced_matrix\main\fashion_mnist\alpha0.1\gaussian_noise,results\reduced_matrix\main\fashion_mnist\alpha0.1\gaussian_noise\fashion_mnist_trustfl_chain_gaussian_noise_noniid_a0.1_mr0.2_full_seed42.csv,alpha_0.1,30,True,True,True,True,0.7655,0.7655,0.8,0.7819841269841272,0.125,0.14584656084656084,1.6275728861490886,54793
main,fashion_mnist,42,30,20,10,model_scaling,fedavg,True,0.1,0.2,full,64,10000,2000,fashion_mnist_fedavg_model_scaling_noniid_a0.1_mr0.2_full_seed42,results\reduced_matrix\main\fashion_mnist\alpha0.1\model_scaling,results\reduced_matrix\main\fashion_mnist\alpha0.1\model_scaling\fashion_mnist_fedavg_model_scaling_noniid_a0.1_mr0.2_full_seed42.csv,alpha_0.1,30,True,True,True,True,0.526,0.6095,0.0,0.0,0.0,0.0,1.4990596532821656,49720
main,fashion_mnist,42,30,20,10,model_scaling,trimmed_mean,True,0.1,0.2,full,64,10000,2000,fashion_mnist_trimmed_mean_model_scaling_noniid_a0.1_mr0.2_full_seed42,results\reduced_matrix\main\fashion_mnist\alpha0.1\model_scaling,results\reduced_matrix\main\fashion_mnist\alpha0.1\model_scaling\fashion_mnist_trimmed_mean_model_scaling_noniid_a0.1_mr0.2_full_seed42.csv,alpha_0.1,30,True,True,True,True,0.6435,0.6435,0.0,0.0,0.0,0.0,1.5142222404479981,49718
main,fashion_mnist,42,30,20,10,model_scaling,cosine,True,0.1,0.2,full,64,10000,2000,fashion_mnist_cosine_model_scaling_noniid_a0.1_mr0.2_full_seed42,results\reduced_matrix\main\fashion_mnist\alpha0.1\model_scaling,results\reduced_matrix\main\fashion_mnist\alpha0.1\model_scaling\fashion_mnist_cosine_model_scaling_noniid_a0.1_mr0.2_full_seed42.csv,alpha_0.1,30,True,True,True,True,0.4955,0.625,0.0,0.0,0.0,0.0,1.5091959317525228,49722
main,fashion_mnist,42,30,20,10,model_scaling,trustfl_chain,True,0.1,0.2,full,64,10000,2000,fashion_mnist_trustfl_chain_model_scaling_noniid_a0.1_mr0.2_full_seed42,results\reduced_matrix\main\fashion_mnist\alpha0.1\model_scaling,results\reduced_matrix\main\fashion_mnist\alpha0.1\model_scaling\fashion_mnist_trustfl_chain_model_scaling_noniid_a0.1_mr0.2_full_seed42.csv,alpha_0.1,30,True,True,True,True,0.6775,0.6775,1.0,0.8157936507936508,0.0,0.11719576719576717,1.662978212038676,55491
main,fashion_mnist,43,30,20,10,label_flip,fedavg,False,0.5,0.2,full,64,10000,2000,fashion_mnist_fedavg_label_flip_iid_a0.5_mr0.2_full_seed43,results\reduced_matrix\main\fashion_mnist\iid\label_flip,results\reduced_matrix\main\fashion_mnist\iid\label_flip\fashion_mnist_fedavg_label_flip_iid_a0.5_mr0.2_full_seed43.csv,iid,30,True,True,True,True,0.6985,0.74,0.0,0.0,0.0,0.0,1.4759101311365763,49727
main,fashion_mnist,43,30,20,10,label_flip,trimmed_mean,False,0.5,0.2,full,64,10000,2000,fashion_mnist_trimmed_mean_label_flip_iid_a0.5_mr0.2_full_seed43,results\reduced_matrix\main\fashion_mnist\iid\label_flip,results\reduced_matrix\main\fashion_mnist\iid\label_flip\fashion_mnist_trimmed_mean_label_flip_iid_a0.5_mr0.2_full_seed43.csv,iid,30,True,True,True,True,0.7495,0.7495,0.0,0.0,0.0,0.0,1.494205371538798,49724
main,fashion_mnist,43,30,20,10,label_flip,cosine,False,0.5,0.2,full,64,10000,2000,fashion_mnist_cosine_label_flip_iid_a0.5_mr0.2_full_seed43,results\reduced_matrix\main\fashion_mnist\iid\label_flip,results\reduced_matrix\main\fashion_mnist\iid\label_flip\fashion_mnist_cosine_label_flip_iid_a0.5_mr0.2_full_seed43.csv,iid,30,True,True,True,True,0.6655,0.743,0.0,0.0,0.0,0.0,1.528540269533793,49724
main,fashion_mnist,43,30,20,10,label_flip,trustfl_chain,False,0.5,0.2,full,64,10000,2000,fashion_mnist_trustfl_chain_label_flip_iid_a0.5_mr0.2_full_seed43,results\reduced_matrix\main\fashion_mnist\iid\label_flip,results\reduced_matrix\main\fashion_mnist\iid\label_flip\fashion_mnist_trustfl_chain_label_flip_iid_a0.5_mr0.2_full_seed43.csv,iid,30,True,True,True,True,0.7365,0.744,1.0,0.7645238095238096,0.0,0.14386243386243383,1.6101149797439576,55676
main,fashion_mnist,43,30,20,10,sign_flip,fedavg,False,0.5,0.2,full,64,10000,2000,fashion_mnist_fedavg_sign_flip_iid_a0.5_mr0.2_full_seed43,results\reduced_matrix\main\fashion_mnist\iid\sign_flip,results\reduced_matrix\main\fashion_mnist\iid\sign_flip\fashion_mnist_fedavg_sign_flip_iid_a0.5_mr0.2_full_seed43.csv,iid,30,True,True,True,True,0.6985,0.7015,0.0,0.0,0.0,0.0,1.526046331723531,49728
main,fashion_mnist,43,30,20,10,sign_flip,trimmed_mean,False,0.5,0.2,full,64,10000,2000,fashion_mnist_trimmed_mean_sign_flip_iid_a0.5_mr0.2_full_seed43,results\reduced_matrix\main\fashion_mnist\iid\sign_flip,results\reduced_matrix\main\fashion_mnist\iid\sign_flip\fashion_mnist_trimmed_mean_sign_flip_iid_a0.5_mr0.2_full_seed43.csv,iid,30,True,True,True,True,0.7215,0.7215,0.0,0.0,0.0,0.0,1.4914536476135254,49725
main,fashion_mnist,43,30,20,10,sign_flip,cosine,False,0.5,0.2,full,64,10000,2000,fashion_mnist_cosine_sign_flip_iid_a0.5_mr0.2_full_seed43,results\reduced_matrix\main\fashion_mnist\iid\sign_flip,results\reduced_matrix\main\fashion_mnist\iid\sign_flip\fashion_mnist_cosine_sign_flip_iid_a0.5_mr0.2_full_seed43.csv,iid,30,True,True,True,True,0.731,0.7375,0.0,0.0,0.0,0.0,1.4956430594126384,49728
main,fashion_mnist,43,30,20,10,sign_flip,trustfl_chain,False,0.5,0.2,full,64,10000,2000,fashion_mnist_trustfl_chain_sign_flip_iid_a0.5_mr0.2_full_seed43,results\reduced_matrix\main\fashion_mnist\iid\sign_flip,results\reduced_matrix\main\fashion_mnist\iid\sign_flip\fashion_mnist_trustfl_chain_sign_flip_iid_a0.5_mr0.2_full_seed43.csv,iid,30,True,True,True,True,0.7355,0.7415,0.6666666666666666,0.6900793650793652,0.1428571428571428,0.18185185185185185,1.6140764951705933,55682
main,fashion_mnist,43,30,20,10,gaussian_noise,fedavg,False,0.5,0.2,full,64,10000,2000,fashion_mnist_fedavg_gaussian_noise_iid_a0.5_mr0.2_full_seed43,results\reduced_matrix\main\fashion_mnist\iid\gaussian_noise,results\reduced_matrix\main\fashion_mnist\iid\gaussian_noise\fashion_mnist_fedavg_gaussian_noise_iid_a0.5_mr0.2_full_seed43.csv,iid,30,True,True,True,True,0.338,0.6855,0.0,0.0,0.0,0.0,1.4618786970774333,49728
main,fashion_mnist,43,30,20,10,gaussian_noise,trimmed_mean,False,0.5,0.2,full,64,10000,2000,fashion_mnist_trimmed_mean_gaussian_noise_iid_a0.5_mr0.2_full_seed43,results\reduced_matrix\main\fashion_mnist\iid\gaussian_noise,results\reduced_matrix\main\fashion_mnist\iid\gaussian_noise\fashion_mnist_trimmed_mean_gaussian_noise_iid_a0.5_mr0.2_full_seed43.csv,iid,30,True,True,True,True,0.7275,0.7585,0.0,0.0,0.0,0.0,1.5016969362894694,49727
main,fashion_mnist,43,30,20,10,gaussian_noise,cosine,False,0.5,0.2,full,64,10000,2000,fashion_mnist_cosine_gaussian_noise_iid_a0.5_mr0.2_full_seed43,results\reduced_matrix\main\fashion_mnist\iid\gaussian_noise,results\reduced_matrix\main\fashion_mnist\iid\gaussian_noise\fashion_mnist_cosine_gaussian_noise_iid_a0.5_mr0.2_full_seed43.csv,iid,30,True,True,True,True,0.0925,0.5345,0.0,0.0,0.0,0.0,1.4418592611948648,49724
main,fashion_mnist,43,30,20,10,gaussian_noise,trustfl_chain,False,0.5,0.2,full,64,10000,2000,fashion_mnist_trustfl_chain_gaussian_noise_iid_a0.5_mr0.2_full_seed43,results\reduced_matrix\main\fashion_mnist\iid\gaussian_noise,results\reduced_matrix\main\fashion_mnist\iid\gaussian_noise\fashion_mnist_trustfl_chain_gaussian_noise_iid_a0.5_mr0.2_full_seed43.csv,iid,30,True,True,True,True,0.815,0.815,0.8571428571428571,0.8230952380952381,0.1428571428571428,0.11302910052910049,1.6206769386927287,54600
main,fashion_mnist,43,30,20,10,model_scaling,fedavg,False,0.5,0.2,full,64,10000,2000,fashion_mnist_fedavg_model_scaling_iid_a0.5_mr0.2_full_seed43,results\reduced_matrix\main\fashion_mnist\iid\model_scaling,results\reduced_matrix\main\fashion_mnist\iid\model_scaling\fashion_mnist_fedavg_model_scaling_iid_a0.5_mr0.2_full_seed43.csv,iid,30,True,True,True,True,0.737,0.7755,0.0,0.0,0.0,0.0,1.4859042565027873,49725
main,fashion_mnist,43,30,20,10,model_scaling,trimmed_mean,False,0.5,0.2,full,64,10000,2000,fashion_mnist_trimmed_mean_model_scaling_iid_a0.5_mr0.2_full_seed43,results\reduced_matrix\main\fashion_mnist\iid\model_scaling,results\reduced_matrix\main\fashion_mnist\iid\model_scaling\fashion_mnist_trimmed_mean_model_scaling_iid_a0.5_mr0.2_full_seed43.csv,iid,30,True,True,True,True,0.7575,0.7655,0.0,0.0,0.0,0.0,1.4883319695790609,49724
main,fashion_mnist,43,30,20,10,model_scaling,cosine,False,0.5,0.2,full,64,10000,2000,fashion_mnist_cosine_model_scaling_iid_a0.5_mr0.2_full_seed43,results\reduced_matrix\main\fashion_mnist\iid\model_scaling,results\reduced_matrix\main\fashion_mnist\iid\model_scaling\fashion_mnist_cosine_model_scaling_iid_a0.5_mr0.2_full_seed43.csv,iid,30,True,True,True,True,0.5625,0.757,0.0,0.0,0.0,0.0,1.4907658100128174,49728
main,fashion_mnist,43,30,20,10,model_scaling,trustfl_chain,False,0.5,0.2,full,64,10000,2000,fashion_mnist_trustfl_chain_model_scaling_iid_a0.5_mr0.2_full_seed43,results\reduced_matrix\main\fashion_mnist\iid\model_scaling,results\reduced_matrix\main\fashion_mnist\iid\model_scaling\fashion_mnist_trustfl_chain_model_scaling_iid_a0.5_mr0.2_full_seed43.csv,iid,30,True,True,True,True,0.7455,0.761,1.0,0.7674603174603175,0.0,0.15529100529100529,1.6156450827916464,55130
main,fashion_mnist,43,30,20,10,label_flip,fedavg,True,0.5,0.2,full,64,10000,2000,fashion_mnist_fedavg_label_flip_noniid_a0.5_mr0.2_full_seed43,results\reduced_matrix\main\fashion_mnist\alpha0.5\label_flip,results\reduced_matrix\main\fashion_mnist\alpha0.5\label_flip\fashion_mnist_fedavg_label_flip_noniid_a0.5_mr0.2_full_seed43.csv,alpha_0.5,30,True,True,True,True,0.668,0.6705,0.0,0.0,0.0,0.0,1.4793400684992473,49728
main,fashion_mnist,43,30,20,10,label_flip,trimmed_mean,True,0.5,0.2,full,64,10000,2000,fashion_mnist_trimmed_mean_label_flip_noniid_a0.5_mr0.2_full_seed43,results\reduced_matrix\main\fashion_mnist\alpha0.5\label_flip,results\reduced_matrix\main\fashion_mnist\alpha0.5\label_flip\fashion_mnist_trimmed_mean_label_flip_noniid_a0.5_mr0.2_full_seed43.csv,alpha_0.5,30,True,True,True,True,0.667,0.6805,0.0,0.0,0.0,0.0,1.5217172702153523,49725
main,fashion_mnist,43,30,20,10,label_flip,cosine,True,0.5,0.2,full,64,10000,2000,fashion_mnist_cosine_label_flip_noniid_a0.5_mr0.2_full_seed43,results\reduced_matrix\main\fashion_mnist\alpha0.5\label_flip,results\reduced_matrix\main\fashion_mnist\alpha0.5\label_flip\fashion_mnist_cosine_label_flip_noniid_a0.5_mr0.2_full_seed43.csv,alpha_0.5,30,True,True,True,True,0.6335,0.648,0.0,0.0,0.0,0.0,1.0154137134552002,49722
main,fashion_mnist,43,30,20,10,label_flip,trustfl_chain,True,0.5,0.2,full,64,10000,2000,fashion_mnist_trustfl_chain_label_flip_noniid_a0.5_mr0.2_full_seed43,results\reduced_matrix\main\fashion_mnist\alpha0.5\label_flip,results\reduced_matrix\main\fashion_mnist\alpha0.5\label_flip\fashion_mnist_trustfl_chain_label_flip_noniid_a0.5_mr0.2_full_seed43.csv,alpha_0.5,30,True,True,True,True,0.6945,0.708,0.8571428571428571,0.5826190476190475,0.1428571428571428,0.21402116402116397,1.1028709967931112,55049
main,fashion_mnist,43,30,20,10,sign_flip,fedavg,True,0.5,0.2,full,64,10000,2000,fashion_mnist_fedavg_sign_flip_noniid_a0.5_mr0.2_full_seed43,results\reduced_matrix\main\fashion_mnist\alpha0.5\sign_flip,results\reduced_matrix\main\fashion_mnist\alpha0.5\sign_flip\fashion_mnist_fedavg_sign_flip_noniid_a0.5_mr0.2_full_seed43.csv,alpha_0.5,30,True,True,True,True,0.593,0.6105,0.0,0.0,0.0,0.0,0.9945778608322143,49729
main,fashion_mnist,43,30,20,10,sign_flip,trimmed_mean,True,0.5,0.2,full,64,10000,2000,fashion_mnist_trimmed_mean_sign_flip_noniid_a0.5_mr0.2_full_seed43,results\reduced_matrix\main\fashion_mnist\alpha0.5\sign_flip,results\reduced_matrix\main\fashion_mnist\alpha0.5\sign_flip\fashion_mnist_trimmed_mean_sign_flip_noniid_a0.5_mr0.2_full_seed43.csv,alpha_0.5,30,True,True,True,True,0.6025,0.6225,0.0,0.0,0.0,0.0,1.0206607341766358,49723
main,fashion_mnist,43,30,20,10,sign_flip,cosine,True,0.5,0.2,full,64,10000,2000,fashion_mnist_cosine_sign_flip_noniid_a0.5_mr0.2_full_seed43,results\reduced_matrix\main\fashion_mnist\alpha0.5\sign_flip,results\reduced_matrix\main\fashion_mnist\alpha0.5\sign_flip\fashion_mnist_cosine_sign_flip_noniid_a0.5_mr0.2_full_seed43.csv,alpha_0.5,30,True,True,True,True,0.633,0.6625,0.0,0.0,0.0,0.0,1.0364651282628377,49731
main,fashion_mnist,43,30,20,10,sign_flip,trustfl_chain,True,0.5,0.2,full,64,10000,2000,fashion_mnist_trustfl_chain_sign_flip_noniid_a0.5_mr0.2_full_seed43,results\reduced_matrix\main\fashion_mnist\alpha0.5\sign_flip,results\reduced_matrix\main\fashion_mnist\alpha0.5\sign_flip\fashion_mnist_trustfl_chain_sign_flip_noniid_a0.5_mr0.2_full_seed43.csv,alpha_0.5,30,True,True,True,True,0.6425,0.6685,0.0,0.3761111111111111,0.2857142857142857,0.24784391534391534,1.100835092862447,55346
main,fashion_mnist,43,30,20,10,gaussian_noise,fedavg,True,0.5,0.2,full,64,10000,2000,fashion_mnist_fedavg_gaussian_noise_noniid_a0.5_mr0.2_full_seed43,results\reduced_matrix\main\fashion_mnist\alpha0.5\gaussian_noise,results\reduced_matrix\main\fashion_mnist\alpha0.5\gaussian_noise\fashion_mnist_fedavg_gaussian_noise_noniid_a0.5_mr0.2_full_seed43.csv,alpha_0.5,30,True,True,True,True,0.228,0.5555,0.0,0.0,0.0,0.0,0.9747507413228352,49730
main,fashion_mnist,43,30,20,10,gaussian_noise,trimmed_mean,True,0.5,0.2,full,64,10000,2000,fashion_mnist_trimmed_mean_gaussian_noise_noniid_a0.5_mr0.2_full_seed43,results\reduced_matrix\main\fashion_mnist\alpha0.5\gaussian_noise,results\reduced_matrix\main\fashion_mnist\alpha0.5\gaussian_noise\fashion_mnist_trimmed_mean_gaussian_noise_noniid_a0.5_mr0.2_full_seed43.csv,alpha_0.5,30,True,True,True,True,0.708,0.708,0.0,0.0,0.0,0.0,1.0291796604792276,49724
main,fashion_mnist,43,30,20,10,gaussian_noise,cosine,True,0.5,0.2,full,64,10000,2000,fashion_mnist_cosine_gaussian_noise_noniid_a0.5_mr0.2_full_seed43,results\reduced_matrix\main\fashion_mnist\alpha0.5\gaussian_noise,results\reduced_matrix\main\fashion_mnist\alpha0.5\gaussian_noise\fashion_mnist_cosine_gaussian_noise_noniid_a0.5_mr0.2_full_seed43.csv,alpha_0.5,30,True,True,True,True,0.0865,0.32,0.0,0.0,0.0,0.0,0.9718783219655355,49727
main,fashion_mnist,43,30,20,10,gaussian_noise,trustfl_chain,True,0.5,0.2,full,64,10000,2000,fashion_mnist_trustfl_chain_gaussian_noise_noniid_a0.5_mr0.2_full_seed43,results\reduced_matrix\main\fashion_mnist\alpha0.5\gaussian_noise,results\reduced_matrix\main\fashion_mnist\alpha0.5\gaussian_noise\fashion_mnist_trustfl_chain_gaussian_noise_noniid_a0.5_mr0.2_full_seed43.csv,alpha_0.5,30,True,True,True,True,0.7805,0.7805,1.0,0.7989682539682541,0.0,0.10898148148148147,1.1070852279663086,54295
main,fashion_mnist,43,30,20,10,model_scaling,fedavg,True,0.5,0.2,full,64,10000,2000,fashion_mnist_fedavg_model_scaling_noniid_a0.5_mr0.2_full_seed43,results\reduced_matrix\main\fashion_mnist\alpha0.5\model_scaling,results\reduced_matrix\main\fashion_mnist\alpha0.5\model_scaling\fashion_mnist_fedavg_model_scaling_noniid_a0.5_mr0.2_full_seed43.csv,alpha_0.5,30,True,True,True,True,0.65,0.726,0.0,0.0,0.0,0.0,0.9855531295140584,49728
main,fashion_mnist,43,30,20,10,model_scaling,trimmed_mean,True,0.5,0.2,full,64,10000,2000,fashion_mnist_trimmed_mean_model_scaling_noniid_a0.5_mr0.2_full_seed43,results\reduced_matrix\main\fashion_mnist\alpha0.5\model_scaling,results\reduced_matrix\main\fashion_mnist\alpha0.5\model_scaling\fashion_mnist_trimmed_mean_model_scaling_noniid_a0.5_mr0.2_full_seed43.csv,alpha_0.5,30,True,True,True,True,0.67,0.7135,0.0,0.0,0.0,0.0,1.0160184701283772,49722
main,fashion_mnist,43,30,20,10,model_scaling,cosine,True,0.5,0.2,full,64,10000,2000,fashion_mnist_cosine_model_scaling_noniid_a0.5_mr0.2_full_seed43,results\reduced_matrix\main\fashion_mnist\alpha0.5\model_scaling,results\reduced_matrix\main\fashion_mnist\alpha0.5\model_scaling\fashion_mnist_cosine_model_scaling_noniid_a0.5_mr0.2_full_seed43.csv,alpha_0.5,30,True,True,True,True,0.568,0.6525,0.0,0.0,0.0,0.0,1.0314951499303182,49724
main,fashion_mnist,43,30,20,10,model_scaling,trustfl_chain,True,0.5,0.2,full,64,10000,2000,fashion_mnist_trustfl_chain_model_scaling_noniid_a0.5_mr0.2_full_seed43,results\reduced_matrix\main\fashion_mnist\alpha0.5\model_scaling,results\reduced_matrix\main\fashion_mnist\alpha0.5\model_scaling\fashion_mnist_trustfl_chain_model_scaling_noniid_a0.5_mr0.2_full_seed43.csv,alpha_0.5,30,True,True,True,True,0.711,0.715,0.8571428571428571,0.7986507936507936,0.1428571428571428,0.0817195767195767,1.1458255529403687,54733
main,fashion_mnist,43,30,20,10,label_flip,fedavg,True,0.1,0.2,full,64,10000,2000,fashion_mnist_fedavg_label_flip_noniid_a0.1_mr0.2_full_seed43,results\reduced_matrix\main\fashion_mnist\alpha0.1\label_flip,results\reduced_matrix\main\fashion_mnist\alpha0.1\label_flip\fashion_mnist_fedavg_label_flip_noniid_a0.1_mr0.2_full_seed43.csv,alpha_0.1,30,True,True,True,True,0.5795,0.604,0.0,0.0,0.0,0.0,1.0228801568349202,49725
main,fashion_mnist,43,30,20,10,label_flip,trimmed_mean,True,0.1,0.2,full,64,10000,2000,fashion_mnist_trimmed_mean_label_flip_noniid_a0.1_mr0.2_full_seed43,results\reduced_matrix\main\fashion_mnist\alpha0.1\label_flip,results\reduced_matrix\main\fashion_mnist\alpha0.1\label_flip\fashion_mnist_trimmed_mean_label_flip_noniid_a0.1_mr0.2_full_seed43.csv,alpha_0.1,30,True,True,True,True,0.5165,0.5335,0.0,0.0,0.0,0.0,0.9933901389439901,49728
main,fashion_mnist,43,30,20,10,label_flip,cosine,True,0.1,0.2,full,64,10000,2000,fashion_mnist_cosine_label_flip_noniid_a0.1_mr0.2_full_seed43,results\reduced_matrix\main\fashion_mnist\alpha0.1\label_flip,results\reduced_matrix\main\fashion_mnist\alpha0.1\label_flip\fashion_mnist_cosine_label_flip_noniid_a0.1_mr0.2_full_seed43.csv,alpha_0.1,30,True,True,True,True,0.558,0.558,0.0,0.0,0.0,0.0,0.9759752591451009,49726
main,fashion_mnist,43,30,20,10,label_flip,trustfl_chain,True,0.1,0.2,full,64,10000,2000,fashion_mnist_trustfl_chain_label_flip_noniid_a0.1_mr0.2_full_seed43,results\reduced_matrix\main\fashion_mnist\alpha0.1\label_flip,results\reduced_matrix\main\fashion_mnist\alpha0.1\label_flip\fashion_mnist_trustfl_chain_label_flip_noniid_a0.1_mr0.2_full_seed43.csv,alpha_0.1,30,True,True,True,True,0.581,0.613,0.6666666666666666,0.43682539682539673,0.1428571428571428,0.31783068783068785,1.0781514247258503,56109
main,fashion_mnist,43,30,20,10,sign_flip,fedavg,True,0.1,0.2,full,64,10000,2000,fashion_mnist_fedavg_sign_flip_noniid_a0.1_mr0.2_full_seed43,results\reduced_matrix\main\fashion_mnist\alpha0.1\sign_flip,results\reduced_matrix\main\fashion_mnist\alpha0.1\sign_flip\fashion_mnist_fedavg_sign_flip_noniid_a0.1_mr0.2_full_seed43.csv,alpha_0.1,30,True,True,True,True,0.425,0.5105,0.0,0.0,0.0,0.0,0.9686635176340739,49726
main,fashion_mnist,43,30,20,10,sign_flip,trimmed_mean,True,0.1,0.2,full,64,10000,2000,fashion_mnist_trimmed_mean_sign_flip_noniid_a0.1_mr0.2_full_seed43,results\reduced_matrix\main\fashion_mnist\alpha0.1\sign_flip,results\reduced_matrix\main\fashion_mnist\alpha0.1\sign_flip\fashion_mnist_trimmed_mean_sign_flip_noniid_a0.1_mr0.2_full_seed43.csv,alpha_0.1,30,True,True,True,True,0.4505,0.5035,0.0,0.0,0.0,0.0,0.9914912144343059,49728
main,fashion_mnist,43,30,20,10,sign_flip,cosine,True,0.1,0.2,full,64,10000,2000,fashion_mnist_cosine_sign_flip_noniid_a0.1_mr0.2_full_seed43,results\reduced_matrix\main\fashion_mnist\alpha0.1\sign_flip,results\reduced_matrix\main\fashion_mnist\alpha0.1\sign_flip\fashion_mnist_cosine_sign_flip_noniid_a0.1_mr0.2_full_seed43.csv,alpha_0.1,30,True,True,True,True,0.4525,0.531,0.0,0.0,0.0,0.0,0.9722577253977458,49724
main,fashion_mnist,43,30,20,10,sign_flip,trustfl_chain,True,0.1,0.2,full,64,10000,2000,fashion_mnist_trustfl_chain_sign_flip_noniid_a0.1_mr0.2_full_seed43,results\reduced_matrix\main\fashion_mnist\alpha0.1\sign_flip,results\reduced_matrix\main\fashion_mnist\alpha0.1\sign_flip\fashion_mnist_trustfl_chain_sign_flip_noniid_a0.1_mr0.2_full_seed43.csv,alpha_0.1,30,True,True,True,True,0.5075,0.5435,0.8,0.46719576719576733,0.0,0.25011904761904763,1.0626952409744264,55927
main,fashion_mnist,43,30,20,10,gaussian_noise,fedavg,True,0.1,0.2,full,64,10000,2000,fashion_mnist_fedavg_gaussian_noise_noniid_a0.1_mr0.2_full_seed43,results\reduced_matrix\main\fashion_mnist\alpha0.1\gaussian_noise,results\reduced_matrix\main\fashion_mnist\alpha0.1\gaussian_noise\fashion_mnist_fedavg_gaussian_noise_noniid_a0.1_mr0.2_full_seed43.csv,alpha_0.1,30,True,True,True,True,0.178,0.4,0.0,0.0,0.0,0.0,0.9430407047271728,49723
main,fashion_mnist,43,30,20,10,gaussian_noise,trimmed_mean,True,0.1,0.2,full,64,10000,2000,fashion_mnist_trimmed_mean_gaussian_noise_noniid_a0.1_mr0.2_full_seed43,results\reduced_matrix\main\fashion_mnist\alpha0.1\gaussian_noise,results\reduced_matrix\main\fashion_mnist\alpha0.1\gaussian_noise\fashion_mnist_trimmed_mean_gaussian_noise_noniid_a0.1_mr0.2_full_seed43.csv,alpha_0.1,30,True,True,True,True,0.528,0.6315,0.0,0.0,0.0,0.0,0.9920998573303222,49724
main,fashion_mnist,43,30,20,10,gaussian_noise,cosine,True,0.1,0.2,full,64,10000,2000,fashion_mnist_cosine_gaussian_noise_noniid_a0.1_mr0.2_full_seed43,results\reduced_matrix\main\fashion_mnist\alpha0.1\gaussian_noise,results\reduced_matrix\main\fashion_mnist\alpha0.1\gaussian_noise\fashion_mnist_cosine_gaussian_noise_noniid_a0.1_mr0.2_full_seed43.csv,alpha_0.1,30,True,True,True,True,0.136,0.171,0.0,0.0,0.0,0.0,0.9445680141448974,49732
main,fashion_mnist,43,30,20,10,gaussian_noise,trustfl_chain,True,0.1,0.2,full,64,10000,2000,fashion_mnist_trustfl_chain_gaussian_noise_noniid_a0.1_mr0.2_full_seed43,results\reduced_matrix\main\fashion_mnist\alpha0.1\gaussian_noise,results\reduced_matrix\main\fashion_mnist\alpha0.1\gaussian_noise\fashion_mnist_trustfl_chain_gaussian_noise_noniid_a0.1_mr0.2_full_seed43.csv,alpha_0.1,30,True,True,True,True,0.72,0.721,0.8571428571428571,0.8196825396825397,0.1428571428571428,0.10707671957671956,1.092458168665568,54699
main,fashion_mnist,43,30,20,10,model_scaling,fedavg,True,0.1,0.2,full,64,10000,2000,fashion_mnist_fedavg_model_scaling_noniid_a0.1_mr0.2_full_seed43,results\reduced_matrix\main\fashion_mnist\alpha0.1\model_scaling,results\reduced_matrix\main\fashion_mnist\alpha0.1\model_scaling\fashion_mnist_fedavg_model_scaling_noniid_a0.1_mr0.2_full_seed43.csv,alpha_0.1,30,True,True,True,True,0.474,0.5805,0.0,0.0,0.0,0.0,0.9808702786763509,49730
main,fashion_mnist,43,30,20,10,model_scaling,trimmed_mean,True,0.1,0.2,full,64,10000,2000,fashion_mnist_trimmed_mean_model_scaling_noniid_a0.1_mr0.2_full_seed43,results\reduced_matrix\main\fashion_mnist\alpha0.1\model_scaling,results\reduced_matrix\main\fashion_mnist\alpha0.1\model_scaling\fashion_mnist_trimmed_mean_model_scaling_noniid_a0.1_mr0.2_full_seed43.csv,alpha_0.1,30,True,True,True,True,0.6095,0.6095,0.0,0.0,0.0,0.0,0.9907906134923299,49725
main,fashion_mnist,43,30,20,10,model_scaling,cosine,True,0.1,0.2,full,64,10000,2000,fashion_mnist_cosine_model_scaling_noniid_a0.1_mr0.2_full_seed43,results\reduced_matrix\main\fashion_mnist\alpha0.1\model_scaling,results\reduced_matrix\main\fashion_mnist\alpha0.1\model_scaling\fashion_mnist_cosine_model_scaling_noniid_a0.1_mr0.2_full_seed43.csv,alpha_0.1,30,True,True,True,True,0.5115,0.5115,0.0,0.0,0.0,0.0,0.9642530520757039,49729
main,fashion_mnist,43,30,20,10,model_scaling,trustfl_chain,True,0.1,0.2,full,64,10000,2000,fashion_mnist_trustfl_chain_model_scaling_noniid_a0.1_mr0.2_full_seed43,results\reduced_matrix\main\fashion_mnist\alpha0.1\model_scaling,results\reduced_matrix\main\fashion_mnist\alpha0.1\model_scaling\fashion_mnist_trustfl_chain_model_scaling_noniid_a0.1_mr0.2_full_seed43.csv,alpha_0.1,30,True,True,True,True,0.664,0.664,0.8,0.7963492063492065,0.0,0.12005291005291004,1.0741010109583538,55324
main,fashion_mnist,44,30,20,10,label_flip,fedavg,False,0.5,0.2,full,64,10000,2000,fashion_mnist_fedavg_label_flip_iid_a0.5_mr0.2_full_seed44,results\reduced_matrix\main\fashion_mnist\iid\label_flip,results\reduced_matrix\main\fashion_mnist\iid\label_flip\fashion_mnist_fedavg_label_flip_iid_a0.5_mr0.2_full_seed44.csv,iid,30,True,True,True,True,0.7315,0.741,0.0,0.0,0.0,0.0,1.0120919466018676,49728
main,fashion_mnist,44,30,20,10,label_flip,trimmed_mean,False,0.5,0.2,full,64,10000,2000,fashion_mnist_trimmed_mean_label_flip_iid_a0.5_mr0.2_full_seed44,results\reduced_matrix\main\fashion_mnist\iid\label_flip,results\reduced_matrix\main\fashion_mnist\iid\label_flip\fashion_mnist_trimmed_mean_label_flip_iid_a0.5_mr0.2_full_seed44.csv,iid,30,True,True,True,True,0.7465,0.7465,0.0,0.0,0.0,0.0,1.0402732054392496,49726
main,fashion_mnist,44,30,20,10,label_flip,cosine,False,0.5,0.2,full,64,10000,2000,fashion_mnist_cosine_label_flip_iid_a0.5_mr0.2_full_seed44,results\reduced_matrix\main\fashion_mnist\iid\label_flip,results\reduced_matrix\main\fashion_mnist\iid\label_flip\fashion_mnist_cosine_label_flip_iid_a0.5_mr0.2_full_seed44.csv,iid,30,True,True,True,True,0.7415,0.7415,0.0,0.0,0.0,0.0,0.9804676294326782,49729
main,fashion_mnist,44,30,20,10,label_flip,trustfl_chain,False,0.5,0.2,full,64,10000,2000,fashion_mnist_trustfl_chain_label_flip_iid_a0.5_mr0.2_full_seed44,results\reduced_matrix\main\fashion_mnist\iid\label_flip,results\reduced_matrix\main\fashion_mnist\iid\label_flip\fashion_mnist_trustfl_chain_label_flip_iid_a0.5_mr0.2_full_seed44.csv,iid,30,True,True,True,True,0.7575,0.7575,1.0,0.7637301587301587,0.0,0.17923280423280422,1.0844304323196412,55652
main,fashion_mnist,44,30,20,10,sign_flip,fedavg,False,0.5,0.2,full,64,10000,2000,fashion_mnist_fedavg_sign_flip_iid_a0.5_mr0.2_full_seed44,results\reduced_matrix\main\fashion_mnist\iid\sign_flip,results\reduced_matrix\main\fashion_mnist\iid\sign_flip\fashion_mnist_fedavg_sign_flip_iid_a0.5_mr0.2_full_seed44.csv,iid,30,True,True,True,True,0.71,0.71,0.0,0.0,0.0,0.0,0.9868305285771688,49728
main,fashion_mnist,44,30,20,10,sign_flip,trimmed_mean,False,0.5,0.2,full,64,10000,2000,fashion_mnist_trimmed_mean_sign_flip_iid_a0.5_mr0.2_full_seed44,results\reduced_matrix\main\fashion_mnist\iid\sign_flip,results\reduced_matrix\main\fashion_mnist\iid\sign_flip\fashion_mnist_trimmed_mean_sign_flip_iid_a0.5_mr0.2_full_seed44.csv,iid,30,True,True,True,True,0.7305,0.735,0.0,0.0,0.0,0.0,1.0199562390645345,49724
main,fashion_mnist,44,30,20,10,sign_flip,cosine,False,0.5,0.2,full,64,10000,2000,fashion_mnist_cosine_sign_flip_iid_a0.5_mr0.2_full_seed44,results\reduced_matrix\main\fashion_mnist\iid\sign_flip,results\reduced_matrix\main\fashion_mnist\iid\sign_flip\fashion_mnist_cosine_sign_flip_iid_a0.5_mr0.2_full_seed44.csv,iid,30,True,True,True,True,0.759,0.759,0.0,0.0,0.0,0.0,0.987925378481547,49726
main,fashion_mnist,44,30,20,10,sign_flip,trustfl_chain,False,0.5,0.2,full,64,10000,2000,fashion_mnist_trustfl_chain_sign_flip_iid_a0.5_mr0.2_full_seed44,results\reduced_matrix\main\fashion_mnist\iid\sign_flip,results\reduced_matrix\main\fashion_mnist\iid\sign_flip\fashion_mnist_trustfl_chain_sign_flip_iid_a0.5_mr0.2_full_seed44.csv,iid,30,True,True,True,True,0.7545,0.7545,0.6666666666666666,0.6834992784992786,0.25,0.23972222222222223,1.1091836055119833,55518
main,fashion_mnist,44,30,20,10,gaussian_noise,fedavg,False,0.5,0.2,full,64,10000,2000,fashion_mnist_fedavg_gaussian_noise_iid_a0.5_mr0.2_full_seed44,results\reduced_matrix\main\fashion_mnist\iid\gaussian_noise,results\reduced_matrix\main\fashion_mnist\iid\gaussian_noise\fashion_mnist_fedavg_gaussian_noise_iid_a0.5_mr0.2_full_seed44.csv,iid,30,True,True,True,True,0.5145,0.6725,0.0,0.0,0.0,0.0,0.9503084341684978,49724
main,fashion_mnist,44,30,20,10,gaussian_noise,trimmed_mean,False,0.5,0.2,full,64,10000,2000,fashion_mnist_trimmed_mean_gaussian_noise_iid_a0.5_mr0.2_full_seed44,results\reduced_matrix\main\fashion_mnist\iid\gaussian_noise,results\reduced_matrix\main\fashion_mnist\iid\gaussian_noise\fashion_mnist_trimmed_mean_gaussian_noise_iid_a0.5_mr0.2_full_seed44.csv,iid,30,True,True,True,True,0.7655,0.773,0.0,0.0,0.0,0.0,1.0155819336573282,49725
main,fashion_mnist,44,30,20,10,gaussian_noise,cosine,False,0.5,0.2,full,64,10000,2000,fashion_mnist_cosine_gaussian_noise_iid_a0.5_mr0.2_full_seed44,results\reduced_matrix\main\fashion_mnist\iid\gaussian_noise,results\reduced_matrix\main\fashion_mnist\iid\gaussian_noise\fashion_mnist_cosine_gaussian_noise_iid_a0.5_mr0.2_full_seed44.csv,iid,30,True,True,True,True,0.095,0.386,0.0,0.0,0.0,0.0,0.9408005237579345,49726
main,fashion_mnist,44,30,20,10,gaussian_noise,trustfl_chain,False,0.5,0.2,full,64,10000,2000,fashion_mnist_trustfl_chain_gaussian_noise_iid_a0.5_mr0.2_full_seed44,results\reduced_matrix\main\fashion_mnist\iid\gaussian_noise,results\reduced_matrix\main\fashion_mnist\iid\gaussian_noise\fashion_mnist_trustfl_chain_gaussian_noise_iid_a0.5_mr0.2_full_seed44.csv,iid,30,True,True,True,True,0.8135,0.8175,1.0,0.8029365079365078,0.0,0.12054232804232803,1.0766068617502849,54919
main,fashion_mnist,44,30,20,10,model_scaling,fedavg,False,0.5,0.2,full,64,10000,2000,fashion_mnist_fedavg_model_scaling_iid_a0.5_mr0.2_full_seed44,results\reduced_matrix\main\fashion_mnist\iid\model_scaling,results\reduced_matrix\main\fashion_mnist\iid\model_scaling\fashion_mnist_fedavg_model_scaling_iid_a0.5_mr0.2_full_seed44.csv,iid,30,True,True,True,True,0.7645,0.771,0.0,0.0,0.0,0.0,0.997209906578064,49727
main,fashion_mnist,44,30,20,10,model_scaling,trimmed_mean,False,0.5,0.2,full,64,10000,2000,fashion_mnist_trimmed_mean_model_scaling_iid_a0.5_mr0.2_full_seed44,results\reduced_matrix\main\fashion_mnist\iid\model_scaling,results\reduced_matrix\main\fashion_mnist\iid\model_scaling\fashion_mnist_trimmed_mean_model_scaling_iid_a0.5_mr0.2_full_seed44.csv,iid,30,True,True,True,True,0.7615,0.767,0.0,0.0,0.0,0.0,1.0308186928431193,49726
main,fashion_mnist,44,30,20,10,model_scaling,cosine,False,0.5,0.2,full,64,10000,2000,fashion_mnist_cosine_model_scaling_iid_a0.5_mr0.2_full_seed44,results\reduced_matrix\main\fashion_mnist\iid\model_scaling,results\reduced_matrix\main\fashion_mnist\iid\model_scaling\fashion_mnist_cosine_model_scaling_iid_a0.5_mr0.2_full_seed44.csv,iid,30,True,True,True,True,0.7,0.7615,0.0,0.0,0.0,0.0,1.0015957593917846,49728
main,fashion_mnist,44,30,20,10,model_scaling,trustfl_chain,False,0.5,0.2,full,64,10000,2000,fashion_mnist_trustfl_chain_model_scaling_iid_a0.5_mr0.2_full_seed44,results\reduced_matrix\main\fashion_mnist\iid\model_scaling,results\reduced_matrix\main\fashion_mnist\iid\model_scaling\fashion_mnist_trustfl_chain_model_scaling_iid_a0.5_mr0.2_full_seed44.csv,iid,30,True,True,True,True,0.766,0.766,0.8,0.7809523809523811,0.125,0.1423280423280423,1.0940110365549722,55109
main,fashion_mnist,44,30,20,10,label_flip,fedavg,True,0.5,0.2,full,64,10000,2000,fashion_mnist_fedavg_label_flip_noniid_a0.5_mr0.2_full_seed44,results\reduced_matrix\main\fashion_mnist\alpha0.5\label_flip,results\reduced_matrix\main\fashion_mnist\alpha0.5\label_flip\fashion_mnist_fedavg_label_flip_noniid_a0.5_mr0.2_full_seed44.csv,alpha_0.5,30,True,True,True,True,0.715,0.715,0.0,0.0,0.0,0.0,0.9938005606333414,49723
main,fashion_mnist,44,30,20,10,label_flip,trimmed_mean,True,0.5,0.2,full,64,10000,2000,fashion_mnist_trimmed_mean_label_flip_noniid_a0.5_mr0.2_full_seed44,results\reduced_matrix\main\fashion_mnist\alpha0.5\label_flip,results\reduced_matrix\main\fashion_mnist\alpha0.5\label_flip\fashion_mnist_trimmed_mean_label_flip_noniid_a0.5_mr0.2_full_seed44.csv,alpha_0.5,30,True,True,True,True,0.709,0.709,0.0,0.0,0.0,0.0,1.0043961127599081,49721
main,fashion_mnist,44,30,20,10,label_flip,cosine,True,0.5,0.2,full,64,10000,2000,fashion_mnist_cosine_label_flip_noniid_a0.5_mr0.2_full_seed44,results\reduced_matrix\main\fashion_mnist\alpha0.5\label_flip,results\reduced_matrix\main\fashion_mnist\alpha0.5\label_flip\fashion_mnist_cosine_label_flip_noniid_a0.5_mr0.2_full_seed44.csv,alpha_0.5,30,True,True,True,True,0.707,0.7345,0.0,0.0,0.0,0.0,1.527324946721395,49731
main,fashion_mnist,44,30,20,10,label_flip,trustfl_chain,True,0.5,0.2,full,64,10000,2000,fashion_mnist_trustfl_chain_label_flip_noniid_a0.5_mr0.2_full_seed44,results\reduced_matrix\main\fashion_mnist\alpha0.5\label_flip,results\reduced_matrix\main\fashion_mnist\alpha0.5\label_flip\fashion_mnist_trustfl_chain_label_flip_noniid_a0.5_mr0.2_full_seed44.csv,alpha_0.5,30,True,True,True,True,0.7155,0.7175,0.8,0.6398148148148147,0.125,0.21775132275132272,1.599554435412089,55315
main,fashion_mnist,44,30,20,10,sign_flip,fedavg,True,0.5,0.2,full,64,10000,2000,fashion_mnist_fedavg_sign_flip_noniid_a0.5_mr0.2_full_seed44,results\reduced_matrix\main\fashion_mnist\alpha0.5\sign_flip,results\reduced_matrix\main\fashion_mnist\alpha0.5\sign_flip\fashion_mnist_fedavg_sign_flip_noniid_a0.5_mr0.2_full_seed44.csv,alpha_0.5,30,True,True,True,True,0.6295,0.661,0.0,0.0,0.0,0.0,1.447922126452128,49726
main,fashion_mnist,44,30,20,10,sign_flip,trimmed_mean,True,0.5,0.2,full,64,10000,2000,fashion_mnist_trimmed_mean_sign_flip_noniid_a0.5_mr0.2_full_seed44,results\reduced_matrix\main\fashion_mnist\alpha0.5\sign_flip,results\reduced_matrix\main\fashion_mnist\alpha0.5\sign_flip\fashion_mnist_trimmed_mean_sign_flip_noniid_a0.5_mr0.2_full_seed44.csv,alpha_0.5,30,True,True,True,True,0.6475,0.6785,0.0,0.0,0.0,0.0,1.5147870143254598,49724
main,fashion_mnist,44,30,20,10,sign_flip,cosine,True,0.5,0.2,full,64,10000,2000,fashion_mnist_cosine_sign_flip_noniid_a0.5_mr0.2_full_seed44,results\reduced_matrix\main\fashion_mnist\alpha0.5\sign_flip,results\reduced_matrix\main\fashion_mnist\alpha0.5\sign_flip\fashion_mnist_cosine_sign_flip_noniid_a0.5_mr0.2_full_seed44.csv,alpha_0.5,30,True,True,True,True,0.697,0.704,0.0,0.0,0.0,0.0,1.4588982979456584,49724
main,fashion_mnist,44,30,20,10,sign_flip,trustfl_chain,True,0.5,0.2,full,64,10000,2000,fashion_mnist_trustfl_chain_sign_flip_noniid_a0.5_mr0.2_full_seed44,results\reduced_matrix\main\fashion_mnist\alpha0.5\sign_flip,results\reduced_matrix\main\fashion_mnist\alpha0.5\sign_flip\fashion_mnist_trustfl_chain_sign_flip_noniid_a0.5_mr0.2_full_seed44.csv,alpha_0.5,30,True,True,True,True,0.621,0.691,0.0,0.5213492063492065,0.375,0.25611111111111107,1.5758380015691122,55967
main,fashion_mnist,44,30,20,10,gaussian_noise,fedavg,True,0.5,0.2,full,64,10000,2000,fashion_mnist_fedavg_gaussian_noise_noniid_a0.5_mr0.2_full_seed44,results\reduced_matrix\main\fashion_mnist\alpha0.5\gaussian_noise,results\reduced_matrix\main\fashion_mnist\alpha0.5\gaussian_noise\fashion_mnist_fedavg_gaussian_noise_noniid_a0.5_mr0.2_full_seed44.csv,alpha_0.5,30,True,True,True,True,0.1495,0.4355,0.0,0.0,0.0,0.0,1.4375629425048828,49725
main,fashion_mnist,44,30,20,10,gaussian_noise,trimmed_mean,True,0.5,0.2,full,64,10000,2000,fashion_mnist_trimmed_mean_gaussian_noise_noniid_a0.5_mr0.2_full_seed44,results\reduced_matrix\main\fashion_mnist\alpha0.5\gaussian_noise,results\reduced_matrix\main\fashion_mnist\alpha0.5\gaussian_noise\fashion_mnist_trimmed_mean_gaussian_noise_noniid_a0.5_mr0.2_full_seed44.csv,alpha_0.5,30,True,True,True,True,0.734,0.7525,0.0,0.0,0.0,0.0,1.4809529066085816,49725
main,fashion_mnist,44,30,20,10,gaussian_noise,cosine,True,0.5,0.2,full,64,10000,2000,fashion_mnist_cosine_gaussian_noise_noniid_a0.5_mr0.2_full_seed44,results\reduced_matrix\main\fashion_mnist\alpha0.5\gaussian_noise,results\reduced_matrix\main\fashion_mnist\alpha0.5\gaussian_noise\fashion_mnist_cosine_gaussian_noise_noniid_a0.5_mr0.2_full_seed44.csv,alpha_0.5,30,True,True,True,True,0.1,0.2465,0.0,0.0,0.0,0.0,1.7268444538116454,49728
main,fashion_mnist,44,30,20,10,gaussian_noise,trustfl_chain,True,0.5,0.2,full,64,10000,2000,fashion_mnist_trustfl_chain_gaussian_noise_noniid_a0.5_mr0.2_full_seed44,results\reduced_matrix\main\fashion_mnist\alpha0.5\gaussian_noise,results\reduced_matrix\main\fashion_mnist\alpha0.5\gaussian_noise\fashion_mnist_trustfl_chain_gaussian_noise_noniid_a0.5_mr0.2_full_seed44.csv,alpha_0.5,30,True,True,True,True,0.8045,0.8045,0.8,0.8061904761904762,0.125,0.1197089947089947,1.584196639060974,54812
main,fashion_mnist,44,30,20,10,model_scaling,fedavg,True,0.5,0.2,full,64,10000,2000,fashion_mnist_fedavg_model_scaling_noniid_a0.5_mr0.2_full_seed44,results\reduced_matrix\main\fashion_mnist\alpha0.5\model_scaling,results\reduced_matrix\main\fashion_mnist\alpha0.5\model_scaling\fashion_mnist_fedavg_model_scaling_noniid_a0.5_mr0.2_full_seed44.csv,alpha_0.5,30,True,True,True,True,0.6875,0.706,0.0,0.0,0.0,0.0,1.4318407376607258,49724
main,fashion_mnist,44,30,20,10,model_scaling,trimmed_mean,True,0.5,0.2,full,64,10000,2000,fashion_mnist_trimmed_mean_model_scaling_noniid_a0.5_mr0.2_full_seed44,results\reduced_matrix\main\fashion_mnist\alpha0.5\model_scaling,results\reduced_matrix\main\fashion_mnist\alpha0.5\model_scaling\fashion_mnist_trimmed_mean_model_scaling_noniid_a0.5_mr0.2_full_seed44.csv,alpha_0.5,30,True,True,True,True,0.6975,0.7205,0.0,0.0,0.0,0.0,1.4647939364115397,49729
main,fashion_mnist,44,30,20,10,model_scaling,cosine,True,0.5,0.2,full,64,10000,2000,fashion_mnist_cosine_model_scaling_noniid_a0.5_mr0.2_full_seed44,results\reduced_matrix\main\fashion_mnist\alpha0.5\model_scaling,results\reduced_matrix\main\fashion_mnist\alpha0.5\model_scaling\fashion_mnist_cosine_model_scaling_noniid_a0.5_mr0.2_full_seed44.csv,alpha_0.5,30,True,True,True,True,0.68,0.721,0.0,0.0,0.0,0.0,1.4453981558481852,49724
main,fashion_mnist,44,30,20,10,model_scaling,trustfl_chain,True,0.5,0.2,full,64,10000,2000,fashion_mnist_trustfl_chain_model_scaling_noniid_a0.5_mr0.2_full_seed44,results\reduced_matrix\main\fashion_mnist\alpha0.5\model_scaling,results\reduced_matrix\main\fashion_mnist\alpha0.5\model_scaling\fashion_mnist_trustfl_chain_model_scaling_noniid_a0.5_mr0.2_full_seed44.csv,alpha_0.5,30,True,True,True,True,0.6945,0.7265,0.8,0.7988095238095239,0.125,0.12589947089947087,1.5824985106786091,54920
main,fashion_mnist,44,30,20,10,label_flip,fedavg,True,0.1,0.2,full,64,10000,2000,fashion_mnist_fedavg_label_flip_noniid_a0.1_mr0.2_full_seed44,results\reduced_matrix\main\fashion_mnist\alpha0.1\label_flip,results\reduced_matrix\main\fashion_mnist\alpha0.1\label_flip\fashion_mnist_fedavg_label_flip_noniid_a0.1_mr0.2_full_seed44.csv,alpha_0.1,30,True,True,True,True,0.565,0.6285,0.0,0.0,0.0,0.0,1.450857901573181,49727
main,fashion_mnist,44,30,20,10,label_flip,trimmed_mean,True,0.1,0.2,full,64,10000,2000,fashion_mnist_trimmed_mean_label_flip_noniid_a0.1_mr0.2_full_seed44,results\reduced_matrix\main\fashion_mnist\alpha0.1\label_flip,results\reduced_matrix\main\fashion_mnist\alpha0.1\label_flip\fashion_mnist_trimmed_mean_label_flip_noniid_a0.1_mr0.2_full_seed44.csv,alpha_0.1,30,True,True,True,True,0.5085,0.5505,0.0,0.0,0.0,0.0,1.4668381929397583,49726
main,fashion_mnist,44,30,20,10,label_flip,cosine,True,0.1,0.2,full,64,10000,2000,fashion_mnist_cosine_label_flip_noniid_a0.1_mr0.2_full_seed44,results\reduced_matrix\main\fashion_mnist\alpha0.1\label_flip,results\reduced_matrix\main\fashion_mnist\alpha0.1\label_flip\fashion_mnist_cosine_label_flip_noniid_a0.1_mr0.2_full_seed44.csv,alpha_0.1,30,True,True,True,True,0.518,0.5965,0.0,0.0,0.0,0.0,1.4672644933064778,49727
main,fashion_mnist,44,30,20,10,label_flip,trustfl_chain,True,0.1,0.2,full,64,10000,2000,fashion_mnist_trustfl_chain_label_flip_noniid_a0.1_mr0.2_full_seed44,results\reduced_matrix\main\fashion_mnist\alpha0.1\label_flip,results\reduced_matrix\main\fashion_mnist\alpha0.1\label_flip\fashion_mnist_trustfl_chain_label_flip_noniid_a0.1_mr0.2_full_seed44.csv,alpha_0.1,30,True,True,True,True,0.5395,0.61,1.0,0.44999999999999996,0.0,0.24084656084656084,1.6053885062535604,55421
main,fashion_mnist,44,30,20,10,sign_flip,fedavg,True,0.1,0.2,full,64,10000,2000,fashion_mnist_fedavg_sign_flip_noniid_a0.1_mr0.2_full_seed44,results\reduced_matrix\main\fashion_mnist\alpha0.1\sign_flip,results\reduced_matrix\main\fashion_mnist\alpha0.1\sign_flip\fashion_mnist_fedavg_sign_flip_noniid_a0.1_mr0.2_full_seed44.csv,alpha_0.1,30,True,True,True,True,0.5015,0.573,0.0,0.0,0.0,0.0,1.440347139040629,49730
main,fashion_mnist,44,30,20,10,sign_flip,trimmed_mean,True,0.1,0.2,full,64,10000,2000,fashion_mnist_trimmed_mean_sign_flip_noniid_a0.1_mr0.2_full_seed44,results\reduced_matrix\main\fashion_mnist\alpha0.1\sign_flip,results\reduced_matrix\main\fashion_mnist\alpha0.1\sign_flip\fashion_mnist_trimmed_mean_sign_flip_noniid_a0.1_mr0.2_full_seed44.csv,alpha_0.1,30,True,True,True,True,0.4805,0.5125,0.0,0.0,0.0,0.0,1.4668428341547648,49728
main,fashion_mnist,44,30,20,10,sign_flip,cosine,True,0.1,0.2,full,64,10000,2000,fashion_mnist_cosine_sign_flip_noniid_a0.1_mr0.2_full_seed44,results\reduced_matrix\main\fashion_mnist\alpha0.1\sign_flip,results\reduced_matrix\main\fashion_mnist\alpha0.1\sign_flip\fashion_mnist_cosine_sign_flip_noniid_a0.1_mr0.2_full_seed44.csv,alpha_0.1,30,True,True,True,True,0.4855,0.5835,0.0,0.0,0.0,0.0,1.4435980876286825,49726
main,fashion_mnist,44,30,20,10,sign_flip,trustfl_chain,True,0.1,0.2,full,64,10000,2000,fashion_mnist_trustfl_chain_sign_flip_noniid_a0.1_mr0.2_full_seed44,results\reduced_matrix\main\fashion_mnist\alpha0.1\sign_flip,results\reduced_matrix\main\fashion_mnist\alpha0.1\sign_flip\fashion_mnist_trustfl_chain_sign_flip_noniid_a0.1_mr0.2_full_seed44.csv,alpha_0.1,30,True,True,True,True,0.458,0.5515,0.3333333333333333,0.30283068783068784,0.375,0.32931216931216933,1.5900959571202595,56585
main,fashion_mnist,44,30,20,10,gaussian_noise,fedavg,True,0.1,0.2,full,64,10000,2000,fashion_mnist_fedavg_gaussian_noise_noniid_a0.1_mr0.2_full_seed44,results\reduced_matrix\main\fashion_mnist\alpha0.1\gaussian_noise,results\reduced_matrix\main\fashion_mnist\alpha0.1\gaussian_noise\fashion_mnist_fedavg_gaussian_noise_noniid_a0.1_mr0.2_full_seed44.csv,alpha_0.1,30,True,True,True,True,0.129,0.3135,0.0,0.0,0.0,0.0,1.4313968420028687,49725
main,fashion_mnist,44,30,20,10,gaussian_noise,trimmed_mean,True,0.1,0.2,full,64,10000,2000,fashion_mnist_trimmed_mean_gaussian_noise_noniid_a0.1_mr0.2_full_seed44,results\reduced_matrix\main\fashion_mnist\alpha0.1\gaussian_noise,results\reduced_matrix\main\fashion_mnist\alpha0.1\gaussian_noise\fashion_mnist_trimmed_mean_gaussian_noise_noniid_a0.1_mr0.2_full_seed44.csv,alpha_0.1,30,True,True,True,True,0.536,0.632,0.0,0.0,0.0,0.0,1.4808325052261353,49728
main,fashion_mnist,44,30,20,10,gaussian_noise,cosine,True,0.1,0.2,full,64,10000,2000,fashion_mnist_cosine_gaussian_noise_noniid_a0.1_mr0.2_full_seed44,results\reduced_matrix\main\fashion_mnist\alpha0.1\gaussian_noise,results\reduced_matrix\main\fashion_mnist\alpha0.1\gaussian_noise\fashion_mnist_cosine_gaussian_noise_noniid_a0.1_mr0.2_full_seed44.csv,alpha_0.1,30,True,True,True,True,0.132,0.189,0.0,0.0,0.0,0.0,1.4464980284372966,49722
main,fashion_mnist,44,30,20,10,gaussian_noise,trustfl_chain,True,0.1,0.2,full,64,10000,2000,fashion_mnist_trustfl_chain_gaussian_noise_noniid_a0.1_mr0.2_full_seed44,results\reduced_matrix\main\fashion_mnist\alpha0.1\gaussian_noise,results\reduced_matrix\main\fashion_mnist\alpha0.1\gaussian_noise\fashion_mnist_trustfl_chain_gaussian_noise_noniid_a0.1_mr0.2_full_seed44.csv,alpha_0.1,30,True,True,True,True,0.6975,0.747,0.8,0.835873015873016,0.125,0.08958994708994708,1.5767991383870443,54419
main,fashion_mnist,44,30,20,10,model_scaling,fedavg,True,0.1,0.2,full,64,10000,2000,fashion_mnist_fedavg_model_scaling_noniid_a0.1_mr0.2_full_seed44,results\reduced_matrix\main\fashion_mnist\alpha0.1\model_scaling,results\reduced_matrix\main\fashion_mnist\alpha0.1\model_scaling\fashion_mnist_fedavg_model_scaling_noniid_a0.1_mr0.2_full_seed44.csv,alpha_0.1,30,True,True,True,True,0.597,0.6555,0.0,0.0,0.0,0.0,1.4491188049316406,49724
main,fashion_mnist,44,30,20,10,model_scaling,trimmed_mean,True,0.1,0.2,full,64,10000,2000,fashion_mnist_trimmed_mean_model_scaling_noniid_a0.1_mr0.2_full_seed44,results\reduced_matrix\main\fashion_mnist\alpha0.1\model_scaling,results\reduced_matrix\main\fashion_mnist\alpha0.1\model_scaling\fashion_mnist_trimmed_mean_model_scaling_noniid_a0.1_mr0.2_full_seed44.csv,alpha_0.1,30,True,True,True,True,0.5255,0.5785,0.0,0.0,0.0,0.0,1.460515817006429,49726
main,fashion_mnist,44,30,20,10,model_scaling,cosine,True,0.1,0.2,full,64,10000,2000,fashion_mnist_cosine_model_scaling_noniid_a0.1_mr0.2_full_seed44,results\reduced_matrix\main\fashion_mnist\alpha0.1\model_scaling,results\reduced_matrix\main\fashion_mnist\alpha0.1\model_scaling\fashion_mnist_cosine_model_scaling_noniid_a0.1_mr0.2_full_seed44.csv,alpha_0.1,30,True,True,True,True,0.6135,0.646,0.0,0.0,0.0,0.0,1.317444674173991,49727
main,fashion_mnist,44,30,20,10,model_scaling,trustfl_chain,True,0.1,0.2,full,64,10000,2000,fashion_mnist_trustfl_chain_model_scaling_noniid_a0.1_mr0.2_full_seed44,results\reduced_matrix\main\fashion_mnist\alpha0.1\model_scaling,results\reduced_matrix\main\fashion_mnist\alpha0.1\model_scaling\fashion_mnist_trustfl_chain_model_scaling_noniid_a0.1_mr0.2_full_seed44.csv,alpha_0.1,30,True,True,True,True,0.5835,0.7155,0.8,0.7926190476190478,0.125,0.10685185185185182,1.1206951856613159,55047
ratio,fashion_mnist,42,30,20,10,model_scaling,trustfl_chain,True,0.5,0.1,full,64,10000,2000,fashion_mnist_trustfl_chain_model_scaling_noniid_a0.5_mr0.1_full_seed42,results\reduced_matrix\ratio\fashion_mnist\mr0.1,results\reduced_matrix\ratio\fashion_mnist\mr0.1\fashion_mnist_trustfl_chain_model_scaling_noniid_a0.5_mr0.1_full_seed42.csv,alpha_0.5,30,True,True,True,True,0.698,0.735,1.0,0.7455555555555555,0.0,0.09666666666666666,1.107438818613688,55289
ratio,fashion_mnist,42,30,20,10,model_scaling,cosine,True,0.5,0.1,full,64,10000,2000,fashion_mnist_cosine_model_scaling_noniid_a0.5_mr0.1_full_seed42,results\reduced_matrix\ratio\fashion_mnist\mr0.1,results\reduced_matrix\ratio\fashion_mnist\mr0.1\fashion_mnist_cosine_model_scaling_noniid_a0.5_mr0.1_full_seed42.csv,alpha_0.5,30,True,True,True,True,0.5005,0.6775,0.0,0.0,0.0,0.0,1.0229072173436482,49723
ratio,fashion_mnist,42,30,20,10,model_scaling,trimmed_mean,True,0.5,0.1,full,64,10000,2000,fashion_mnist_trimmed_mean_model_scaling_noniid_a0.5_mr0.1_full_seed42,results\reduced_matrix\ratio\fashion_mnist\mr0.1,results\reduced_matrix\ratio\fashion_mnist\mr0.1\fashion_mnist_trimmed_mean_model_scaling_noniid_a0.5_mr0.1_full_seed42.csv,alpha_0.5,30,True,True,True,True,0.692,0.7185,0.0,0.0,0.0,0.0,1.0536871035893758,49723
ratio,fashion_mnist,42,30,20,10,model_scaling,trustfl_chain,True,0.5,0.3,full,64,10000,2000,fashion_mnist_trustfl_chain_model_scaling_noniid_a0.5_mr0.3_full_seed42,results\reduced_matrix\ratio\fashion_mnist\mr0.3,results\reduced_matrix\ratio\fashion_mnist\mr0.3\fashion_mnist_trustfl_chain_model_scaling_noniid_a0.5_mr0.3_full_seed42.csv,alpha_0.5,30,True,True,True,True,0.7115,0.733,0.8571428571428571,0.7171428571428573,0.0,0.16501322751322747,1.4026878833770753,54839
ratio,fashion_mnist,42,30,20,10,model_scaling,cosine,True,0.5,0.3,full,64,10000,2000,fashion_mnist_cosine_model_scaling_noniid_a0.5_mr0.3_full_seed42,results\reduced_matrix\ratio\fashion_mnist\mr0.3,results\reduced_matrix\ratio\fashion_mnist\mr0.3\fashion_mnist_cosine_model_scaling_noniid_a0.5_mr0.3_full_seed42.csv,alpha_0.5,30,True,True,True,True,0.5435,0.656,0.0,0.0,0.0,0.0,1.4298364718755086,49723
ratio,fashion_mnist,42,30,20,10,model_scaling,trimmed_mean,True,0.5,0.3,full,64,10000,2000,fashion_mnist_trimmed_mean_model_scaling_noniid_a0.5_mr0.3_full_seed42,results\reduced_matrix\ratio\fashion_mnist\mr0.3,results\reduced_matrix\ratio\fashion_mnist\mr0.3\fashion_mnist_trimmed_mean_model_scaling_noniid_a0.5_mr0.3_full_seed42.csv,alpha_0.5,30,True,True,True,True,0.6625,0.691,0.0,0.0,0.0,0.0,1.0485032717386882,49723
ratio,fashion_mnist,42,30,20,10,model_scaling,trustfl_chain,True,0.5,0.4,full,64,10000,2000,fashion_mnist_trustfl_chain_model_scaling_noniid_a0.5_mr0.4_full_seed42,results\reduced_matrix\ratio\fashion_mnist\mr0.4,results\reduced_matrix\ratio\fashion_mnist\mr0.4\fashion_mnist_trustfl_chain_model_scaling_noniid_a0.5_mr0.4_full_seed42.csv,alpha_0.5,30,True,True,True,True,0.609,0.7215,0.4444444444444445,0.5791943241943242,0.4,0.3352380952380952,1.111094625790914,54971
ratio,fashion_mnist,42,30,20,10,model_scaling,cosine,True,0.5,0.4,full,64,10000,2000,fashion_mnist_cosine_model_scaling_noniid_a0.5_mr0.4_full_seed42,results\reduced_matrix\ratio\fashion_mnist\mr0.4,results\reduced_matrix\ratio\fashion_mnist\mr0.4\fashion_mnist_cosine_model_scaling_noniid_a0.5_mr0.4_full_seed42.csv,alpha_0.5,30,True,True,True,True,0.4405,0.6085,0.0,0.0,0.0,0.0,1.0109295924504598,49721
ratio,fashion_mnist,42,30,20,10,model_scaling,trimmed_mean,True,0.5,0.4,full,64,10000,2000,fashion_mnist_trimmed_mean_model_scaling_noniid_a0.5_mr0.4_full_seed42,results\reduced_matrix\ratio\fashion_mnist\mr0.4,results\reduced_matrix\ratio\fashion_mnist\mr0.4\fashion_mnist_trimmed_mean_model_scaling_noniid_a0.5_mr0.4_full_seed42.csv,alpha_0.5,30,True,True,True,True,0.5435,0.704,0.0,0.0,0.0,0.0,0.9918330669403076,49723
ratio,fashion_mnist,43,30,20,10,model_scaling,trustfl_chain,True,0.5,0.1,full,64,10000,2000,fashion_mnist_trustfl_chain_model_scaling_noniid_a0.5_mr0.1_full_seed43,results\reduced_matrix\ratio\fashion_mnist\mr0.1,results\reduced_matrix\ratio\fashion_mnist\mr0.1\fashion_mnist_trustfl_chain_model_scaling_noniid_a0.5_mr0.1_full_seed43.csv,alpha_0.5,30,True,True,True,True,0.6955,0.7095,0.6666666666666666,0.6877777777777777,0.1111111111111111,0.11027777777777777,1.0864686727523805,55113
ratio,fashion_mnist,43,30,20,10,model_scaling,cosine,True,0.5,0.1,full,64,10000,2000,fashion_mnist_cosine_model_scaling_noniid_a0.5_mr0.1_full_seed43,results\reduced_matrix\ratio\fashion_mnist\mr0.1,results\reduced_matrix\ratio\fashion_mnist\mr0.1\fashion_mnist_cosine_model_scaling_noniid_a0.5_mr0.1_full_seed43.csv,alpha_0.5,30,True,True,True,True,0.4895,0.628,0.0,0.0,0.0,0.0,0.9960497140884399,49720
ratio,fashion_mnist,43,30,20,10,model_scaling,trimmed_mean,True,0.5,0.1,full,64,10000,2000,fashion_mnist_trimmed_mean_model_scaling_noniid_a0.5_mr0.1_full_seed43,results\reduced_matrix\ratio\fashion_mnist\mr0.1,results\reduced_matrix\ratio\fashion_mnist\mr0.1\fashion_mnist_trimmed_mean_model_scaling_noniid_a0.5_mr0.1_full_seed43.csv,alpha_0.5,30,True,True,True,True,0.673,0.724,0.0,0.0,0.0,0.0,1.008961311976115,49724
ratio,fashion_mnist,43,30,20,10,model_scaling,trustfl_chain,True,0.5,0.3,full,64,10000,2000,fashion_mnist_trustfl_chain_model_scaling_noniid_a0.5_mr0.3_full_seed43,results\reduced_matrix\ratio\fashion_mnist\mr0.3,results\reduced_matrix\ratio\fashion_mnist\mr0.3\fashion_mnist_trustfl_chain_model_scaling_noniid_a0.5_mr0.3_full_seed43.csv,alpha_0.5,30,True,True,True,True,0.684,0.7285,0.75,0.8148412698412699,0.1666666666666666,0.1286111111111111,1.1348496357599893,54474
ratio,fashion_mnist,43,30,20,10,model_scaling,cosine,True,0.5,0.3,full,64,10000,2000,fashion_mnist_cosine_model_scaling_noniid_a0.5_mr0.3_full_seed43,results\reduced_matrix\ratio\fashion_mnist\mr0.3,results\reduced_matrix\ratio\fashion_mnist\mr0.3\fashion_mnist_cosine_model_scaling_noniid_a0.5_mr0.3_full_seed43.csv,alpha_0.5,30,True,True,True,True,0.55,0.604,0.0,0.0,0.0,0.0,1.2320488611857097,49725
ratio,fashion_mnist,43,30,20,10,model_scaling,trimmed_mean,True,0.5,0.3,full,64,10000,2000,fashion_mnist_trimmed_mean_model_scaling_noniid_a0.5_mr0.3_full_seed43,results\reduced_matrix\ratio\fashion_mnist\mr0.3,results\reduced_matrix\ratio\fashion_mnist\mr0.3\fashion_mnist_trimmed_mean_model_scaling_noniid_a0.5_mr0.3_full_seed43.csv,alpha_0.5,30,True,True,True,True,0.666,0.7185,0.0,0.0,0.0,0.0,1.495908013979594,49727
ratio,fashion_mnist,43,30,20,10,model_scaling,trustfl_chain,True,0.5,0.4,full,64,10000,2000,fashion_mnist_trustfl_chain_model_scaling_noniid_a0.5_mr0.4_full_seed43,results\reduced_matrix\ratio\fashion_mnist\mr0.4,results\reduced_matrix\ratio\fashion_mnist\mr0.4\fashion_mnist_trustfl_chain_model_scaling_noniid_a0.5_mr0.4_full_seed43.csv,alpha_0.5,30,True,True,True,True,0.6415,0.7255,0.4444444444444445,0.6938720538720539,0.4,0.25626984126984126,1.5972312609354655,54808
ratio,fashion_mnist,43,30,20,10,model_scaling,cosine,True,0.5,0.4,full,64,10000,2000,fashion_mnist_cosine_model_scaling_noniid_a0.5_mr0.4_full_seed43,results\reduced_matrix\ratio\fashion_mnist\mr0.4,results\reduced_matrix\ratio\fashion_mnist\mr0.4\fashion_mnist_cosine_model_scaling_noniid_a0.5_mr0.4_full_seed43.csv,alpha_0.5,30,True,True,True,True,0.521,0.7125,0.0,0.0,0.0,0.0,1.4658104340235392,49726
ratio,fashion_mnist,43,30,20,10,model_scaling,trimmed_mean,True,0.5,0.4,full,64,10000,2000,fashion_mnist_trimmed_mean_model_scaling_noniid_a0.5_mr0.4_full_seed43,results\reduced_matrix\ratio\fashion_mnist\mr0.4,results\reduced_matrix\ratio\fashion_mnist\mr0.4\fashion_mnist_trimmed_mean_model_scaling_noniid_a0.5_mr0.4_full_seed43.csv,alpha_0.5,30,True,True,True,True,0.636,0.711,0.0,0.0,0.0,0.0,1.4716605345408122,49724
ratio,fashion_mnist,44,30,20,10,model_scaling,trustfl_chain,True,0.5,0.1,full,64,10000,2000,fashion_mnist_trustfl_chain_model_scaling_noniid_a0.5_mr0.1_full_seed44,results\reduced_matrix\ratio\fashion_mnist\mr0.1,results\reduced_matrix\ratio\fashion_mnist\mr0.1\fashion_mnist_trustfl_chain_model_scaling_noniid_a0.5_mr0.1_full_seed44.csv,alpha_0.5,30,True,True,True,True,0.683,0.7195,0.6666666666666666,0.6688888888888889,0.1111111111111111,0.12398148148148147,1.6214711268742878,56172
ratio,fashion_mnist,44,30,20,10,model_scaling,cosine,True,0.5,0.1,full,64,10000,2000,fashion_mnist_cosine_model_scaling_noniid_a0.5_mr0.1_full_seed44,results\reduced_matrix\ratio\fashion_mnist\mr0.1,results\reduced_matrix\ratio\fashion_mnist\mr0.1\fashion_mnist_cosine_model_scaling_noniid_a0.5_mr0.1_full_seed44.csv,alpha_0.5,30,True,True,True,True,0.511,0.6495,0.0,0.0,0.0,0.0,1.4933215697606406,49726
ratio,fashion_mnist,44,30,20,10,model_scaling,trimmed_mean,True,0.5,0.1,full,64,10000,2000,fashion_mnist_trimmed_mean_model_scaling_noniid_a0.5_mr0.1_full_seed44,results\reduced_matrix\ratio\fashion_mnist\mr0.1,results\reduced_matrix\ratio\fashion_mnist\mr0.1\fashion_mnist_trimmed_mean_model_scaling_noniid_a0.5_mr0.1_full_seed44.csv,alpha_0.5,30,True,True,True,True,0.6695,0.719,0.0,0.0,0.0,0.0,1.5164498090744019,49727
ratio,fashion_mnist,44,30,20,10,model_scaling,trustfl_chain,True,0.5,0.3,full,64,10000,2000,fashion_mnist_trustfl_chain_model_scaling_noniid_a0.5_mr0.3_full_seed44,results\reduced_matrix\ratio\fashion_mnist\mr0.3,results\reduced_matrix\ratio\fashion_mnist\mr0.3\fashion_mnist_trustfl_chain_model_scaling_noniid_a0.5_mr0.3_full_seed44.csv,alpha_0.5,30,True,True,True,True,0.719,0.7375,0.8,0.7465969215969217,0.125,0.15767195767195766,1.75314568678538,55286
ratio,fashion_mnist,44,30,20,10,model_scaling,cosine,True,0.5,0.3,full,64,10000,2000,fashion_mnist_cosine_model_scaling_noniid_a0.5_mr0.3_full_seed44,results\reduced_matrix\ratio\fashion_mnist\mr0.3,results\reduced_matrix\ratio\fashion_mnist\mr0.3\fashion_mnist_cosine_model_scaling_noniid_a0.5_mr0.3_full_seed44.csv,alpha_0.5,30,True,True,True,True,0.6785,0.6785,0.0,0.0,0.0,0.0,1.6774441242218017,49730
ratio,fashion_mnist,44,30,20,10,model_scaling,trimmed_mean,True,0.5,0.3,full,64,10000,2000,fashion_mnist_trimmed_mean_model_scaling_noniid_a0.5_mr0.3_full_seed44,results\reduced_matrix\ratio\fashion_mnist\mr0.3,results\reduced_matrix\ratio\fashion_mnist\mr0.3\fashion_mnist_trimmed_mean_model_scaling_noniid_a0.5_mr0.3_full_seed44.csv,alpha_0.5,30,True,True,True,True,0.709,0.719,0.0,0.0,0.0,0.0,1.5192996422449747,49725
ratio,fashion_mnist,44,30,20,10,model_scaling,trustfl_chain,True,0.5,0.4,full,64,10000,2000,fashion_mnist_trustfl_chain_model_scaling_noniid_a0.5_mr0.4_full_seed44,results\reduced_matrix\ratio\fashion_mnist\mr0.4,results\reduced_matrix\ratio\fashion_mnist\mr0.4\fashion_mnist_trustfl_chain_model_scaling_noniid_a0.5_mr0.4_full_seed44.csv,alpha_0.5,30,True,True,True,True,0.6985,0.7425,0.8571428571428571,0.6660317460317462,0.1428571428571428,0.261984126984127,1.6254487037658691,55096
ratio,fashion_mnist,44,30,20,10,model_scaling,cosine,True,0.5,0.4,full,64,10000,2000,fashion_mnist_cosine_model_scaling_noniid_a0.5_mr0.4_full_seed44,results\reduced_matrix\ratio\fashion_mnist\mr0.4,results\reduced_matrix\ratio\fashion_mnist\mr0.4\fashion_mnist_cosine_model_scaling_noniid_a0.5_mr0.4_full_seed44.csv,alpha_0.5,30,True,True,True,True,0.6205,0.69,0.0,0.0,0.0,0.0,1.6130961020787558,49728
ratio,fashion_mnist,44,30,20,10,model_scaling,trimmed_mean,True,0.5,0.4,full,64,10000,2000,fashion_mnist_trimmed_mean_model_scaling_noniid_a0.5_mr0.4_full_seed44,results\reduced_matrix\ratio\fashion_mnist\mr0.4,results\reduced_matrix\ratio\fashion_mnist\mr0.4\fashion_mnist_trimmed_mean_model_scaling_noniid_a0.5_mr0.4_full_seed44.csv,alpha_0.5,30,True,True,True,True,0.721,0.729,0.0,0.0,0.0,0.0,1.581894612312317,49731
ablation,fashion_mnist,42,30,20,10,model_scaling,trustfl_chain,True,0.5,0.2,no_reputation,64,10000,2000,fashion_mnist_trustfl_chain_model_scaling_noniid_a0.5_mr0.2_no_reputation_seed42,results\reduced_matrix\ablation\fashion_mnist\no_reputation,results\reduced_matrix\ablation\fashion_mnist\no_reputation\fashion_mnist_trustfl_chain_model_scaling_noniid_a0.5_mr0.2_no_reputation_seed42.csv,alpha_0.5,30,True,True,True,True,0.44,0.708,1.0,0.7818253968253969,0.0,0.09965608465608465,1.661159340540568,53019
ablation,fashion_mnist,42,30,20,10,model_scaling,trustfl_chain,True,0.5,0.2,no_temporal,64,10000,2000,fashion_mnist_trustfl_chain_model_scaling_noniid_a0.5_mr0.2_no_temporal_seed42,results\reduced_matrix\ablation\fashion_mnist\no_temporal,results\reduced_matrix\ablation\fashion_mnist\no_temporal\fashion_mnist_trustfl_chain_model_scaling_noniid_a0.5_mr0.2_no_temporal_seed42.csv,alpha_0.5,30,True,True,True,True,0.732,0.732,0.8,0.8178835978835981,0.125,0.09556878306878305,1.6353222608566285,54526
ablation,fashion_mnist,42,30,20,10,model_scaling,trustfl_chain,True,0.5,0.2,cosine_only,64,10000,2000,fashion_mnist_trustfl_chain_model_scaling_noniid_a0.5_mr0.2_cosine_only_seed42,results\reduced_matrix\ablation\fashion_mnist\cosine_only,results\reduced_matrix\ablation\fashion_mnist\cosine_only\fashion_mnist_trustfl_chain_model_scaling_noniid_a0.5_mr0.2_cosine_only_seed42.csv,alpha_0.5,30,True,True,True,True,0.391,0.678,0.0,0.10777777777777776,0.25,0.22260582010582006,1.511547064781189,52292
ablation,fashion_mnist,42,30,20,10,model_scaling,trustfl_chain,True,0.5,0.2,no_ledger,64,10000,2000,fashion_mnist_trustfl_chain_model_scaling_noniid_a0.5_mr0.2_no_ledger_seed42,results\reduced_matrix\ablation\fashion_mnist\no_ledger,results\reduced_matrix\ablation\fashion_mnist\no_ledger\fashion_mnist_trustfl_chain_model_scaling_noniid_a0.5_mr0.2_no_ledger_seed42.csv,alpha_0.5,30,True,True,True,True,0.7235,0.731,0.8,0.8104761904761906,0.125,0.09056878306878306,1.6797834157943725,0
ablation,fashion_mnist,43,30,20,10,model_scaling,trustfl_chain,True,0.5,0.2,no_reputation,64,10000,2000,fashion_mnist_trustfl_chain_model_scaling_noniid_a0.5_mr0.2_no_reputation_seed43,results\reduced_matrix\ablation\fashion_mnist\no_reputation,results\reduced_matrix\ablation\fashion_mnist\no_reputation\fashion_mnist_trustfl_chain_model_scaling_noniid_a0.5_mr0.2_no_reputation_seed43.csv,alpha_0.5,30,True,True,True,True,0.65,0.726,0.8571428571428571,0.7424603174603175,0.1428571428571428,0.1148148148148148,1.5926562150319417,53041
ablation,fashion_mnist,43,30,20,10,model_scaling,trustfl_chain,True,0.5,0.2,no_temporal,64,10000,2000,fashion_mnist_trustfl_chain_model_scaling_noniid_a0.5_mr0.2_no_temporal_seed43,results\reduced_matrix\ablation\fashion_mnist\no_temporal,results\reduced_matrix\ablation\fashion_mnist\no_temporal\fashion_mnist_trustfl_chain_model_scaling_noniid_a0.5_mr0.2_no_temporal_seed43.csv,alpha_0.5,30,True,True,True,True,0.713,0.713,0.6666666666666666,0.7476190476190475,0.4285714285714285,0.13458994708994707,1.6220454374949138,54716
ablation,fashion_mnist,43,30,20,10,model_scaling,trustfl_chain,True,0.5,0.2,cosine_only,64,10000,2000,fashion_mnist_trustfl_chain_model_scaling_noniid_a0.5_mr0.2_cosine_only_seed43,results\reduced_matrix\ablation\fashion_mnist\cosine_only,results\reduced_matrix\ablation\fashion_mnist\cosine_only\fashion_mnist_trustfl_chain_model_scaling_noniid_a0.5_mr0.2_cosine_only_seed43.csv,alpha_0.5,30,True,True,True,True,0.3545,0.6775,0.0,0.043333333333333335,0.2857142857142857,0.24117724867724863,1.5109644095102945,52030
ablation,fashion_mnist,43,30,20,10,model_scaling,trustfl_chain,True,0.5,0.2,no_ledger,64,10000,2000,fashion_mnist_trustfl_chain_model_scaling_noniid_a0.5_mr0.2_no_ledger_seed43,results\reduced_matrix\ablation\fashion_mnist\no_ledger,results\reduced_matrix\ablation\fashion_mnist\no_ledger\fashion_mnist_trustfl_chain_model_scaling_noniid_a0.5_mr0.2_no_ledger_seed43.csv,alpha_0.5,30,True,True,True,True,0.711,0.715,0.8571428571428571,0.7986507936507936,0.1428571428571428,0.0817195767195767,1.5954058408737182,0
ablation,fashion_mnist,44,30,20,10,model_scaling,trustfl_chain,True,0.5,0.2,no_reputation,64,10000,2000,fashion_mnist_trustfl_chain_model_scaling_noniid_a0.5_mr0.2_no_reputation_seed44,results\reduced_matrix\ablation\fashion_mnist\no_reputation,results\reduced_matrix\ablation\fashion_mnist\no_reputation\fashion_mnist_trustfl_chain_model_scaling_noniid_a0.5_mr0.2_no_reputation_seed44.csv,alpha_0.5,30,True,True,True,True,0.6875,0.706,0.8,0.7782539682539684,0.125,0.1250925925925926,1.6231291850407918,53019
ablation,fashion_mnist,44,30,20,10,model_scaling,trustfl_chain,True,0.5,0.2,no_temporal,64,10000,2000,fashion_mnist_trustfl_chain_model_scaling_noniid_a0.5_mr0.2_no_temporal_seed44,results\reduced_matrix\ablation\fashion_mnist\no_temporal,results\reduced_matrix\ablation\fashion_mnist\no_temporal\fashion_mnist_trustfl_chain_model_scaling_noniid_a0.5_mr0.2_no_temporal_seed44.csv,alpha_0.5,30,True,True,True,True,0.6955,0.724,0.8,0.8302380952380953,0.125,0.0985185185185185,1.6173617760340373,54575
ablation,fashion_mnist,44,30,20,10,model_scaling,trustfl_chain,True,0.5,0.2,cosine_only,64,10000,2000,fashion_mnist_trustfl_chain_model_scaling_noniid_a0.5_mr0.2_cosine_only_seed44,results\reduced_matrix\ablation\fashion_mnist\cosine_only,results\reduced_matrix\ablation\fashion_mnist\cosine_only\fashion_mnist_trustfl_chain_model_scaling_noniid_a0.5_mr0.2_cosine_only_seed44.csv,alpha_0.5,30,True,True,True,True,0.661,0.6885,0.5,0.10666666666666667,0.125,0.2222751322751323,1.5256928046544393,52364
ablation,fashion_mnist,44,30,20,10,model_scaling,trustfl_chain,True,0.5,0.2,no_ledger,64,10000,2000,fashion_mnist_trustfl_chain_model_scaling_noniid_a0.5_mr0.2_no_ledger_seed44,results\reduced_matrix\ablation\fashion_mnist\no_ledger,results\reduced_matrix\ablation\fashion_mnist\no_ledger\fashion_mnist_trustfl_chain_model_scaling_noniid_a0.5_mr0.2_no_ledger_seed44.csv,alpha_0.5,30,True,True,True,True,0.6945,0.7265,0.8,0.7988095238095239,0.125,0.12589947089947087,1.6160555442174276,0
cifar_supplement,cifar10,42,20,20,10,gaussian_noise,fedavg,True,0.5,0.2,full,64,10000,2000,cifar10_fedavg_gaussian_noise_noniid_a0.5_mr0.2_full_seed42,results\reduced_matrix\cifar_supplement\gaussian_noise,results\reduced_matrix\cifar_supplement\gaussian_noise\cifar10_fedavg_gaussian_noise_noniid_a0.5_mr0.2_full_seed42.csv,alpha_0.5,20,True,True,True,True,0.092,0.1355,0.0,0.0,0.0,0.0,1.1860886216163635,33144
cifar_supplement,cifar10,42,20,20,10,gaussian_noise,trimmed_mean,True,0.5,0.2,full,64,10000,2000,cifar10_trimmed_mean_gaussian_noise_noniid_a0.5_mr0.2_full_seed42,results\reduced_matrix\cifar_supplement\gaussian_noise,results\reduced_matrix\cifar_supplement\gaussian_noise\cifar10_trimmed_mean_gaussian_noise_noniid_a0.5_mr0.2_full_seed42.csv,alpha_0.5,20,True,True,True,True,0.2325,0.2325,0.0,0.0,0.0,0.0,1.3099496483802795,33143
cifar_supplement,cifar10,42,20,20,10,gaussian_noise,cosine,True,0.5,0.2,full,64,10000,2000,cifar10_cosine_gaussian_noise_noniid_a0.5_mr0.2_full_seed42,results\reduced_matrix\cifar_supplement\gaussian_noise,results\reduced_matrix\cifar_supplement\gaussian_noise\cifar10_cosine_gaussian_noise_noniid_a0.5_mr0.2_full_seed42.csv,alpha_0.5,20,True,True,True,True,0.095,0.1155,0.0,0.0,0.0,0.0,1.2289100170135498,33145
cifar_supplement,cifar10,42,20,20,10,gaussian_noise,trustfl_chain,True,0.5,0.2,full,64,10000,2000,cifar10_trustfl_chain_gaussian_noise_noniid_a0.5_mr0.2_full_seed42,results\reduced_matrix\cifar_supplement\gaussian_noise,results\reduced_matrix\cifar_supplement\gaussian_noise\cifar10_trustfl_chain_gaussian_noise_noniid_a0.5_mr0.2_full_seed42.csv,alpha_0.5,20,True,True,True,True,0.3015,0.3015,0.8571428571428571,0.7736904761904763,0.1428571428571428,0.09892857142857142,1.5727158665657044,36298
cifar_supplement,cifar10,42,20,20,10,model_scaling,fedavg,True,0.5,0.2,full,64,10000,2000,cifar10_fedavg_model_scaling_noniid_a0.5_mr0.2_full_seed42,results\reduced_matrix\cifar_supplement\model_scaling,results\reduced_matrix\cifar_supplement\model_scaling\cifar10_fedavg_model_scaling_noniid_a0.5_mr0.2_full_seed42.csv,alpha_0.5,20,True,True,True,True,0.1225,0.212,0.0,0.0,0.0,0.0,1.6228283762931823,33143
cifar_supplement,cifar10,42,20,20,10,model_scaling,trimmed_mean,True,0.5,0.2,full,64,10000,2000,cifar10_trimmed_mean_model_scaling_noniid_a0.5_mr0.2_full_seed42,results\reduced_matrix\cifar_supplement\model_scaling,results\reduced_matrix\cifar_supplement\model_scaling\cifar10_trimmed_mean_model_scaling_noniid_a0.5_mr0.2_full_seed42.csv,alpha_0.5,20,True,True,True,True,0.185,0.1985,0.0,0.0,0.0,0.0,1.7991106033325195,33146
cifar_supplement,cifar10,42,20,20,10,model_scaling,cosine,True,0.5,0.2,full,64,10000,2000,cifar10_cosine_model_scaling_noniid_a0.5_mr0.2_full_seed42,results\reduced_matrix\cifar_supplement\model_scaling,results\reduced_matrix\cifar_supplement\model_scaling\cifar10_cosine_model_scaling_noniid_a0.5_mr0.2_full_seed42.csv,alpha_0.5,20,True,True,True,True,0.11,0.192,0.0,0.0,0.0,0.0,1.3926769614219665,33147
cifar_supplement,cifar10,42,20,20,10,model_scaling,trustfl_chain,True,0.5,0.2,full,64,10000,2000,cifar10_trustfl_chain_model_scaling_noniid_a0.5_mr0.2_full_seed42,results\reduced_matrix\cifar_supplement\model_scaling,results\reduced_matrix\cifar_supplement\model_scaling\cifar10_trustfl_chain_model_scaling_noniid_a0.5_mr0.2_full_seed42.csv,alpha_0.5,20,True,True,True,True,0.236,0.236,0.7499999999999999,0.8186111111111112,0.2857142857142857,0.0863690476190476,1.510004723072052,36388
